DROP TABLE IF EXISTS Courses;
DROP TABLE IF EXISTS GenEdCourses;
DROP TABLE IF EXISTS ElectiveCourses;

-- General Education Courses
CREATE TABLE Courses(Id TEXT, Title TEXT, Credits int);

INSERT INTO Courses VALUES('ADHM 310', 'History of Fashion', 3);
INSERT INTO Courses VALUES('ADHM 315', 'History of Interiors I', 3);
INSERT INTO Courses VALUES('ADHM 316', 'History of Interiors II', 3);
INSERT INTO Courses VALUES('ADHM 410', 'Dress in World Cultures', 3);
INSERT INTO Courses VALUES('ADHM 411', 'Food and World Cultures', 3);
INSERT INTO Courses VALUES('ADHM 486', 'Dress & Human Behavior', 3);
INSERT INTO Courses VALUES('ANTH 111', 'Introduction to Anthropology', 3);
INSERT INTO Courses VALUES('ARCH 321', 'History of Architecture I', 3);
INSERT INTO Courses VALUES('ARCH 322', 'History of Architecture II', 3);
INSERT INTO Courses VALUES('ART 110', 'Introduction to the Visual Arts', 3);
INSERT INTO Courses VALUES('ART 111', 'Introduction to the Art History', 3);
INSERT INTO Courses VALUES('ART 130', 'Drawing I', 3);
INSERT INTO Courses VALUES('ART 210', 'Art History I', 3);
INSERT INTO Courses VALUES('ART 211', 'Art History II', 3);
INSERT INTO Courses VALUES('BIOL 111', 'Concepts of Biology', 3);
INSERT INTO Courses VALUES('BIOL 111L', 'Concepts of Biology Lab', 1);
INSERT INTO Courses VALUES('BIOL 124', 'Environmental Science', 3);
INSERT INTO Courses VALUES('BIOL 124L', 'Environmental Science Lab', 1);
INSERT INTO Courses VALUES('BIOL 126', 'Human Biology', 3);
INSERT INTO Courses VALUES('BIOL 126L', 'Human Biology Laboratory', 1);
INSERT INTO Courses VALUES('BIOL 220', 'Human Anatomy & Physiology I', 3);
INSERT INTO Courses VALUES('BIOL 220L', 'Human Anatomy & Physiology I Lab', 1);
INSERT INTO Courses VALUES('BIOL 315', 'Genetics', 3);
INSERT INTO Courses VALUES('BIOL 315L', 'Genetics Lab', 1);
INSERT INTO Courses VALUES('BOT 315', 'Genetics', 3);
INSERT INTO Courses VALUES('BOT 315L', 'Genetics Lab', 1);
INSERT INTO Courses VALUES('CHEM 117', 'Chemical Concepts & Applications', 3);
INSERT INTO Courses VALUES('CHEM 117L', 'Chemical Concepts & Applications Lab', 1);
INSERT INTO Courses VALUES('CHEM 121', 'General Chemistry I', 3);
INSERT INTO Courses VALUES('CHEM 121L', 'General Chemistry I Lab', 1);
INSERT INTO Courses VALUES('CHEM 122', 'General Chemistry II', 3);
INSERT INTO Courses VALUES('CHEM 122L', 'General Chemistry II Lab', 1);
INSERT INTO Courses VALUES('CHEM 150', 'Principles of Chemistry I', 3);
INSERT INTO Courses VALUES('CHEM 151', 'Principles of Chemistry II', 3);
INSERT INTO Courses VALUES('CHEM 160', 'Principles of Chemistry I Lab', 1);
INSERT INTO Courses VALUES('CHEM 161', 'Principles of Chemistry II Lab', 1);
INSERT INTO Courses VALUES('CLAS 101', 'First-Year Latin I', 4);
INSERT INTO Courses VALUES('CLAS 151', 'First-Year Greek I', 4);
INSERT INTO Courses VALUES('COMM 110', 'Fundamentals of Public Speaking', 3);
INSERT INTO Courses VALUES('COMM 112', 'Understanding Media/Social Change', 3);
INSERT INTO Courses VALUES('COMM 114', 'Human Communication', 3);
INSERT INTO Courses VALUES('COMM 212', 'Interpersonal Communication', 3);
INSERT INTO Courses VALUES('COMM 216', 'Intercultural Communication', 3);
INSERT INTO Courses VALUES('CSCI 114', 'Microcomputer Packages', 3);
INSERT INTO Courses VALUES('CSCI 116', 'Business Use of Computers', 4);
INSERT INTO Courses VALUES('ECON 105', 'Elements of Economics', 3);
INSERT INTO Courses VALUES('ECON 201', 'Principles of Microeconomics', 3);
INSERT INTO Courses VALUES('ECON 202', 'Principles of Macroeconomics', 3);
INSERT INTO Courses VALUES('EMGT 101', 'Emergencies, Disasters, and Catastrophes', 3);
INSERT INTO Courses VALUES('ENGL 110', 'College Composition I', 3);
INSERT INTO Courses VALUES('ENGL 120', 'College Composition II', 3);
INSERT INTO Courses VALUES('ENGL 220', 'Introduction to Literature', 3);
INSERT INTO Courses VALUES('ENGL 225', 'Introduction to Film', 3);
INSERT INTO Courses VALUES('ENGL 231', 'The Bible as Literature', 3);
INSERT INTO Courses VALUES('ENGL 315', 'British Literature I', 3);
INSERT INTO Courses VALUES('ENGL 316', 'British Literature II', 3);
INSERT INTO Courses VALUES('ENGL 317', 'American Literature I', 3);
INSERT INTO Courses VALUES('ENGL 318', 'American Literature II', 3);
INSERT INTO Courses VALUES('ENGL 321', 'Writing in the Technical Professions', 3);
INSERT INTO Courses VALUES('ENGL 324', 'Writing in the Sciences', 3);
INSERT INTO Courses VALUES('ENGL 330', 'British/American Women Writers', 3);
INSERT INTO Courses VALUES('ENGL 335', 'Multicultural Writers', 3);
INSERT INTO Courses VALUES('ENGL 336', 'Literature and the Environment', 3);
INSERT INTO Courses VALUES('ENGL 340', '19th Century American Fiction', 3);
INSERT INTO Courses VALUES('ENGL 341', '20th Century American Fiction', 3);
INSERT INTO Courses VALUES('ENGL 345', 'Themes in American Culture', 3);
INSERT INTO Courses VALUES('ENGR 311', 'History of Technology in America', 3);
INSERT INTO Courses VALUES('ENGR 312', 'Impact of Technology on Society', 3);
INSERT INTO Courses VALUES('ENT 210', 'Insects, Humans, & the Environment', 3);
INSERT INTO Courses VALUES('ENVD 101', 'Introduction to Environmental Design', 3);
INSERT INTO Courses VALUES('FREN 101', 'First-Year French I', 4);
INSERT INTO Courses VALUES('FREN 102', 'First-Year French II', 4);
INSERT INTO Courses VALUES('FREN 201', 'Second-Year French I', 3);
INSERT INTO Courses VALUES('FREN 345', 'Women in French Literature', 3);
INSERT INTO Courses VALUES('GEOG 151', 'Human Geography', 3);
INSERT INTO Courses VALUES('GEOG 161', 'World Regional Geography', 3);
INSERT INTO Courses VALUES('GEOL 105', 'Physical Geology', 3);
INSERT INTO Courses VALUES('GEOL 105L', 'Physical Geology Lab', 1);
INSERT INTO Courses VALUES('GEOL 106', 'The Earth Through Time', 3);
INSERT INTO Courses VALUES('GEOL 106L', 'The Earth Through Time Lab', 1);
INSERT INTO Courses VALUES('GEOL 107L', 'Eastern North Dakota Field Course', 1);
INSERT INTO Courses VALUES('GERM 101', 'First-Year German I', 4);
INSERT INTO Courses VALUES('GERM 102', 'First-Year German II', 4);
INSERT INTO Courses VALUES('GERM 201', 'Second-Year German I', 3);
INSERT INTO Courses VALUES('GERM 220', 'German Culture and Society', 3);
INSERT INTO Courses VALUES('H&CE 341', 'Leadership & Presentation Techniques', 3);
INSERT INTO Courses VALUES('HDFS 135', 'Family Science', 3);
INSERT INTO Courses VALUES('HDFS 182', 'Wellness and Aging', 3);
INSERT INTO Courses VALUES('HDFS 186', 'Consumer & Society', 3);
INSERT INTO Courses VALUES('HDFS 230', 'Life Span Development', 3);
INSERT INTO Courses VALUES('HDFS 242', 'Couples, Marriages, and Families', 3);
INSERT INTO Courses VALUES('HDFS 468', 'Families and Work', 3);
INSERT INTO Courses VALUES('HDFS 475', 'Children & Families Across Cultures', 3);
INSERT INTO Courses VALUES('HIST 101', 'Western Civilization I', 3);
INSERT INTO Courses VALUES('HIST 102', 'Western Civilization II', 3);
INSERT INTO Courses VALUES('HIST 103', 'U.S. to 1877', 3);
INSERT INTO Courses VALUES('HIST 104', 'U.S. since 1877', 3);
INSERT INTO Courses VALUES('HIST 135', 'Race in U.S History', 3);
INSERT INTO Courses VALUES('HIST 261', 'American Indian History', 3);
INSERT INTO Courses VALUES('HIST 271', 'Introduction to Latin American History', 3);
INSERT INTO Courses VALUES('HIST 381', 'Australia & New Zealand', 3);
INSERT INTO Courses VALUES('HIST 431', 'The North American Plains', 3);
INSERT INTO Courses VALUES('HNES 100', 'Concepts of Fitness & Wellness', 2);
INSERT INTO Courses VALUES('HNES 111', 'Wellness', 3);
INSERT INTO Courses VALUES('HNES 200', 'Principles of Nutrition', 3);
INSERT INTO Courses VALUES('HNES 217', 'Personal & Community Health', 3);
INSERT INTO Courses VALUES('HNES 250', 'Nutrition Science', 3);
INSERT INTO Courses VALUES('HON 340', 'Colloquium in the Humanities', 3);
INSERT INTO Courses VALUES('HON 341', 'Colloquium in the Social Sciences', 3);
INSERT INTO Courses VALUES('HON 342', 'Colloquium in the Sciences', 3);
INSERT INTO Courses VALUES('HON 386', 'World Literature: Imaginary Homelands', 3);
INSERT INTO Courses VALUES('INTL 110', 'Introduction to International Studies', 3);
INSERT INTO Courses VALUES('LA 322', 'History of Landscape Architecture', 4);
INSERT INTO Courses VALUES('MATH 165', 'Calculus I', 4);
INSERT INTO Courses VALUES('MICR 202', 'Intro Microbiology', 2);
INSERT INTO Courses VALUES('MICR 202L', 'Intro Microbiology Lab', 1);
INSERT INTO Courses VALUES('MUSC 100', 'Music Appreciation', 3);
INSERT INTO Courses VALUES('MUSC 103', 'Introduction to Music History', 3);
INSERT INTO Courses VALUES('MUSC 108', 'Roots of American Popular Music', 3);
INSERT INTO Courses VALUES('NRM 225', 'Natural Resources & Agro-ecosystems', 3);
INSERT INTO Courses VALUES('PHIL 101', 'Introduction to Philosophy', 3);
INSERT INTO Courses VALUES('PHIL 111', 'Professional Responsibility & Ethics', 3);
INSERT INTO Courses VALUES('PHIL 215', 'Contemporary Moral Issues', 3);
INSERT INTO Courses VALUES('PHIL 216', 'Business Ethics', 3);
INSERT INTO Courses VALUES('PHYS 110', 'Introductory Astronomy', 3);
INSERT INTO Courses VALUES('PHYS 110L', 'Introductory Astronomy Lab', 1);
INSERT INTO Courses VALUES('PHYS 120', 'Fundamentals of Physics', 3);
INSERT INTO Courses VALUES('PHYS 120L', 'Fundamentals of Physics Lab', 1);
INSERT INTO Courses VALUES('PHYS 211', 'College Physics I', 3);
INSERT INTO Courses VALUES('PHYS 211L', 'College Physics I Lab', 1);
INSERT INTO Courses VALUES('PHYS 212', 'College Physics II', 3);
INSERT INTO Courses VALUES('PHYS 212L', 'College Physics II Lab', 1);
INSERT INTO Courses VALUES('PHYS 220', 'Physics for Designers', 3);
INSERT INTO Courses VALUES('PHYS 251', 'University Physics I', 4);
INSERT INTO Courses VALUES('PHYS 251L', 'University Physics I Lab', 1);
INSERT INTO Courses VALUES('PHYS 252', 'University Physics II', 4);
INSERT INTO Courses VALUES('PHYS 252L', 'University Physics II Lab', 1);
INSERT INTO Courses VALUES('PLSC 110', 'World Food Crops/Lab', 3);
INSERT INTO Courses VALUES('PLSC 111', 'Genetics and You', 3);
INSERT INTO Courses VALUES('PLSC 210', 'Horticulture Science', 3);
INSERT INTO Courses VALUES('PLSC 211', 'Horticulture Science Lab', 1);
INSERT INTO Courses VALUES('PLSC 315', 'Genetics', 3);
INSERT INTO Courses VALUES('PLSC 315L', 'Genetics Lab', 1);
INSERT INTO Courses VALUES('POLS 110', 'Introduction to Political Science', 3);
INSERT INTO Courses VALUES('POLS 115', 'American Government', 3);
INSERT INTO Courses VALUES('POLS 120', 'Terrorism', 3);
INSERT INTO Courses VALUES('POLS 220', 'International Politics', 3);
INSERT INTO Courses VALUES('PSYC 111', 'Introduction to Psychology', 3);
INSERT INTO Courses VALUES('PSYC 210', 'Human Sexuality', 3);
INSERT INTO Courses VALUES('PSYC 211', 'Introduction to Behavior Modification', 3);
INSERT INTO Courses VALUES('PSYC 212', 'Psychological Aspects of Drug Use and Abuse', 3);
INSERT INTO Courses VALUES('PSYC 214', 'Social Interaction', 3);
INSERT INTO Courses VALUES('PSYC 221', 'Psychology at Work', 3);
INSERT INTO Courses VALUES('PSYC 250', 'Developmental Psychology', 3);
INSERT INTO Courses VALUES('PSYC 270', 'Abnormal Psychology', 3);
INSERT INTO Courses VALUES('RELS 100', 'Introduction to Religion', 3);
INSERT INTO Courses VALUES('RNG 225', 'Natural Resources & Agro-ecosystems', 3);
INSERT INTO Courses VALUES('SOC 110', 'Introduction to Sociology', 3);
INSERT INTO Courses VALUES('SOC 214', 'Social Interaction', 3);
INSERT INTO Courses VALUES('SOC 235', 'Cultural Diversity', 3);
INSERT INTO Courses VALUES('SOC 412', 'Sociology of Gender', 3);
INSERT INTO Courses VALUES('SOC 413', 'Sociology of Gender', 3);
INSERT INTO Courses VALUES('SOIL 217', 'Intro to Meteorology & Climatology', 3);
INSERT INTO Courses VALUES('SPAN 101', 'First-Year Spanish I', 4);
INSERT INTO Courses VALUES('SPAN 102', 'First-Year Spanish II', 4);
INSERT INTO Courses VALUES('SPAN 201', 'Second-Year Spanish I', 3);
INSERT INTO Courses VALUES('THEA 110', 'Introduction to Theatre Arts', 3);
INSERT INTO Courses VALUES('THEA 115', 'World Film', 3);
INSERT INTO Courses VALUES('THEA 161', 'Acting I', 3);
INSERT INTO Courses VALUES('THEA 280', 'World Theatre', 3);
INSERT INTO Courses VALUES('UNIV 150', 'Foundations of Science', 3);
INSERT INTO Courses VALUES('UNIV 151', 'Science and Society', 3);
INSERT INTO Courses VALUES('UNIV 189', 'Skills for Academic Success', 1);
INSERT INTO Courses VALUES('WGS 110', 'Introduction to Women''s Studies', 3);
INSERT INTO Courses VALUES('WGS 112', 'Introduction to Masculinities', 3);
INSERT INTO Courses VALUES('ZOO 126', 'Human Biology', 3);
INSERT INTO Courses VALUES('ZOO 126L', 'Human Biology Laboratory', 1);
INSERT INTO Courses VALUES('ZOO 315', 'Genetics', 3);
INSERT INTO Courses VALUES('ZOO 315L', 'Genetics Lab', 1);

CREATE TABLE GenEdCourses(Id TEXT, Area TEXT);

-- First Year Experience (F)
INSERT INTO GenEdCourses VALUES('UNIV 189', 'F');

-- Communication (C)
INSERT INTO GenEdCourses VALUES('COMM 110', 'C');
INSERT INTO GenEdCourses VALUES('ENGL 110', 'C');
INSERT INTO GenEdCourses VALUES('ENGL 120', 'C');

-- Quantitative Reasoning (R)
INSERT INTO GenEdCourses VALUES('MATH 165', 'R');

-- Science & Technology (S)
---- Natural Science (Sn)
INSERT INTO GenEdCourses VALUES('BIOL 111', 'S');
INSERT INTO GenEdCourses VALUES('BIOL 111L', 'S');
INSERT INTO GenEdCourses VALUES('BIOL 124', 'S');
INSERT INTO GenEdCourses VALUES('BIOL 124L', 'S');
INSERT INTO GenEdCourses VALUES('BIOL 126', 'S');
INSERT INTO GenEdCourses VALUES('BIOL 126L', 'S');
INSERT INTO GenEdCourses VALUES('BIOL 220', 'S');
INSERT INTO GenEdCourses VALUES('BIOL 220L', 'S');
INSERT INTO GenEdCourses VALUES('BIOL 315', 'S');
INSERT INTO GenEdCourses VALUES('BIOL 315L', 'S');
INSERT INTO GenEdCourses VALUES('BOT 315', 'S');
INSERT INTO GenEdCourses VALUES('BOT 315L', 'S');
INSERT INTO GenEdCourses VALUES('ENT 210', 'S');
INSERT INTO GenEdCourses VALUES('HON 342', 'S');
INSERT INTO GenEdCourses VALUES('MICR 202', 'S');
INSERT INTO GenEdCourses VALUES('MICR 202L', 'S');
INSERT INTO GenEdCourses VALUES('PLSC 110', 'S');
INSERT INTO GenEdCourses VALUES('PLSC 111', 'S');
INSERT INTO GenEdCourses VALUES('PLSC 210', 'S');
INSERT INTO GenEdCourses VALUES('PLSC 211', 'S');
INSERT INTO GenEdCourses VALUES('PLSC 315', 'S');
INSERT INTO GenEdCourses VALUES('PLSC 315L', 'S');
INSERT INTO GenEdCourses VALUES('RNG 225', 'S');
INSERT INTO GenEdCourses VALUES('SOIL 217', 'S');
INSERT INTO GenEdCourses VALUES('ZOO 126', 'S');
INSERT INTO GenEdCourses VALUES('ZOO 126L', 'S');
INSERT INTO GenEdCourses VALUES('ZOO 315', 'S');
INSERT INTO GenEdCourses VALUES('ZOO 315L', 'S');
---- Physical Science (Sp)
INSERT INTO GenEdCourses VALUES('CHEM 117', 'S');
INSERT INTO GenEdCourses VALUES('CHEM 117L', 'S');
INSERT INTO GenEdCourses VALUES('CHEM 121', 'S');
INSERT INTO GenEdCourses VALUES('CHEM 121L', 'S');
INSERT INTO GenEdCourses VALUES('CHEM 122', 'S');
INSERT INTO GenEdCourses VALUES('CHEM 122L', 'S');
INSERT INTO GenEdCourses VALUES('GEOL 105', 'S');
INSERT INTO GenEdCourses VALUES('GEOL 105L', 'S');
INSERT INTO GenEdCourses VALUES('GEOL 106', 'S');
INSERT INTO GenEdCourses VALUES('GEOL 106L', 'S');
INSERT INTO GenEdCourses VALUES('GEOL 107L', 'S');
INSERT INTO GenEdCourses VALUES('HNES 250', 'S');
INSERT INTO GenEdCourses VALUES('PHYS 110', 'S');
INSERT INTO GenEdCourses VALUES('PHYS 110L', 'S');
INSERT INTO GenEdCourses VALUES('PHYS 120', 'S');
INSERT INTO GenEdCourses VALUES('PHYS 120L', 'S');
INSERT INTO GenEdCourses VALUES('PHYS 211', 'S');
INSERT INTO GenEdCourses VALUES('PHYS 211L', 'S');
INSERT INTO GenEdCourses VALUES('PHYS 212', 'S');
INSERT INTO GenEdCourses VALUES('PHYS 212L', 'S');
INSERT INTO GenEdCourses VALUES('PHYS 220', 'S');
INSERT INTO GenEdCourses VALUES('UNIV 150', 'S');
INSERT INTO GenEdCourses VALUES('UNIV 151', 'S');
---- Known Physical Science Equivalencies
INSERT INTO GenEdCourses VALUES('CHEM 150', 'S');
INSERT INTO GenEdCourses VALUES('CHEM 151', 'S');
INSERT INTO GenEdCourses VALUES('CHEM 160', 'S');
INSERT INTO GenEdCourses VALUES('CHEM 161', 'S');
INSERT INTO GenEdCourses VALUES('PHYS 251', 'S');
INSERT INTO GenEdCourses VALUES('PHYS 251L', 'S');
INSERT INTO GenEdCourses VALUES('PHYS 252', 'S');
INSERT INTO GenEdCourses VALUES('PHYS 252L', 'S');
-- Technology (St)
INSERT INTO GenEdCourses VALUES('CSCI 114', 'S');
INSERT INTO GenEdCourses VALUES('CSCI 116', 'S');

-- Humanities & Fine Arts (A)
INSERT INTO GenEdCourses VALUES('ADHM 310', 'A');
INSERT INTO GenEdCourses VALUES('ADHM 315', 'A');
INSERT INTO GenEdCourses VALUES('ADHM 316', 'A');
INSERT INTO GenEdCourses VALUES('ADHM 410', 'A');
INSERT INTO GenEdCourses VALUES('ADHM 411', 'A');
INSERT INTO GenEdCourses VALUES('ARCH 321', 'A');
INSERT INTO GenEdCourses VALUES('ARCH 322', 'A');
INSERT INTO GenEdCourses VALUES('ART 110', 'A');
INSERT INTO GenEdCourses VALUES('ART 111', 'A');
INSERT INTO GenEdCourses VALUES('ART 210', 'A');
INSERT INTO GenEdCourses VALUES('ART 211', 'A');
INSERT INTO GenEdCourses VALUES('CLAS 101', 'A');
INSERT INTO GenEdCourses VALUES('CLAS 151', 'A');
INSERT INTO GenEdCourses VALUES('ENGL 220', 'A');
INSERT INTO GenEdCourses VALUES('ENGL 225', 'A');
INSERT INTO GenEdCourses VALUES('ENGL 231', 'A');
INSERT INTO GenEdCourses VALUES('ENGL 315', 'A');
INSERT INTO GenEdCourses VALUES('ENGL 316', 'A');
INSERT INTO GenEdCourses VALUES('ENGL 317', 'A');
INSERT INTO GenEdCourses VALUES('ENGL 318', 'A');
INSERT INTO GenEdCourses VALUES('ENGL 330', 'A');
INSERT INTO GenEdCourses VALUES('ENGL 335', 'A');
INSERT INTO GenEdCourses VALUES('ENGL 336', 'A');
INSERT INTO GenEdCourses VALUES('ENGL 340', 'A');
INSERT INTO GenEdCourses VALUES('ENGL 341', 'A');
INSERT INTO GenEdCourses VALUES('ENGL 345', 'A');
INSERT INTO GenEdCourses VALUES('ENGR 311', 'A');
INSERT INTO GenEdCourses VALUES('ENVD 101', 'A');
INSERT INTO GenEdCourses VALUES('FREN 101', 'A');
INSERT INTO GenEdCourses VALUES('FREN 102', 'A');
INSERT INTO GenEdCourses VALUES('FREN 201', 'A');
INSERT INTO GenEdCourses VALUES('FREN 345', 'A');
INSERT INTO GenEdCourses VALUES('GERM 101', 'A');
INSERT INTO GenEdCourses VALUES('GERM 102', 'A');
INSERT INTO GenEdCourses VALUES('GERM 201', 'A');
INSERT INTO GenEdCourses VALUES('GERM 220', 'A');
INSERT INTO GenEdCourses VALUES('HIST 101', 'A');
INSERT INTO GenEdCourses VALUES('HIST 102', 'A');
INSERT INTO GenEdCourses VALUES('HIST 103', 'A');
INSERT INTO GenEdCourses VALUES('HIST 104', 'A');
INSERT INTO GenEdCourses VALUES('HIST 135', 'A');
INSERT INTO GenEdCourses VALUES('HIST 261', 'A');
INSERT INTO GenEdCourses VALUES('HIST 271', 'A');
INSERT INTO GenEdCourses VALUES('HIST 381', 'A');
INSERT INTO GenEdCourses VALUES('HIST 431', 'A');
INSERT INTO GenEdCourses VALUES('HON 340', 'A');
INSERT INTO GenEdCourses VALUES('HON 386', 'A');
INSERT INTO GenEdCourses VALUES('LA 322', 'A');
INSERT INTO GenEdCourses VALUES('MUSC 100', 'A');
INSERT INTO GenEdCourses VALUES('MUSC 103', 'A');
INSERT INTO GenEdCourses VALUES('MUSC 108', 'A');
INSERT INTO GenEdCourses VALUES('PHIL 101', 'A');
INSERT INTO GenEdCourses VALUES('PHIL 111', 'A');
INSERT INTO GenEdCourses VALUES('PHIL 215', 'A');
INSERT INTO GenEdCourses VALUES('PHIL 216', 'A');
INSERT INTO GenEdCourses VALUES('RELS 100', 'A');
INSERT INTO GenEdCourses VALUES('SPAN 101', 'A');
INSERT INTO GenEdCourses VALUES('SPAN 102', 'A');
INSERT INTO GenEdCourses VALUES('SPAN 201', 'A');
INSERT INTO GenEdCourses VALUES('THEA 110', 'A');
INSERT INTO GenEdCourses VALUES('THEA 115', 'A');
INSERT INTO GenEdCourses VALUES('THEA 280', 'A');
INSERT INTO GenEdCourses VALUES('WGS 110', 'A');
INSERT INTO GenEdCourses VALUES('WGS 112', 'A');
---- Fine Arts Peformance
INSERT INTO GenEdCourses VALUES('ART 130', 'A');
INSERT INTO GenEdCourses VALUES('THEA 161', 'A');

-- Social & Behavorial Sciences (B)
INSERT INTO GenEdCourses VALUES('ADHM 486', 'B');
INSERT INTO GenEdCourses VALUES('ANTH 111', 'B');
INSERT INTO GenEdCourses VALUES('COMM 112', 'B');
INSERT INTO GenEdCourses VALUES('COMM 114', 'B');
INSERT INTO GenEdCourses VALUES('COMM 212', 'B');
INSERT INTO GenEdCourses VALUES('COMM 216', 'B');
INSERT INTO GenEdCourses VALUES('ECON 105', 'B');
INSERT INTO GenEdCourses VALUES('ECON 201', 'B');
INSERT INTO GenEdCourses VALUES('ECON 202', 'B');
INSERT INTO GenEdCourses VALUES('EMGT 101', 'B');
INSERT INTO GenEdCourses VALUES('ENGR 312', 'B');
INSERT INTO GenEdCourses VALUES('GEOG 151', 'B');
INSERT INTO GenEdCourses VALUES('GEOG 161', 'B');
INSERT INTO GenEdCourses VALUES('H&CE 341', 'B');
INSERT INTO GenEdCourses VALUES('HDFS 135', 'B');
INSERT INTO GenEdCourses VALUES('HDFS 186', 'B');
INSERT INTO GenEdCourses VALUES('HDFS 230', 'B');
INSERT INTO GenEdCourses VALUES('HDFS 468', 'B');
INSERT INTO GenEdCourses VALUES('HDFS 475', 'B');
INSERT INTO GenEdCourses VALUES('HON 341', 'B');
INSERT INTO GenEdCourses VALUES('INTL 110', 'B');
INSERT INTO GenEdCourses VALUES('POLS 110', 'B');
INSERT INTO GenEdCourses VALUES('POLS 115', 'B');
INSERT INTO GenEdCourses VALUES('POLS 120', 'B');
INSERT INTO GenEdCourses VALUES('POLS 220', 'B');
INSERT INTO GenEdCourses VALUES('PSYC 111', 'B');
INSERT INTO GenEdCourses VALUES('PSYC 210', 'B');
INSERT INTO GenEdCourses VALUES('PSYC 211', 'B');
INSERT INTO GenEdCourses VALUES('PSYC 212', 'B');
INSERT INTO GenEdCourses VALUES('PSYC 214', 'B');
INSERT INTO GenEdCourses VALUES('PSYC 221', 'B');
INSERT INTO GenEdCourses VALUES('PSYC 250', 'B');
INSERT INTO GenEdCourses VALUES('PSYC 270', 'B');
INSERT INTO GenEdCourses VALUES('SOC 110', 'B');
INSERT INTO GenEdCourses VALUES('SOC 214', 'B');
INSERT INTO GenEdCourses VALUES('SOC 235', 'B');
INSERT INTO GenEdCourses VALUES('SOC 412', 'B');

-- Wellness (W)
INSERT INTO GenEdCourses VALUES('HDFS 182', 'W');
INSERT INTO GenEdCourses VALUES('HDFS 242', 'W');
INSERT INTO GenEdCourses VALUES('HNES 100', 'W');
INSERT INTO GenEdCourses VALUES('HNES 111', 'W');
INSERT INTO GenEdCourses VALUES('HNES 200', 'W');
INSERT INTO GenEdCourses VALUES('HNES 217', 'W');
INSERT INTO GenEdCourses VALUES('HNES 250', 'W');

-- Cultural Diversity (D)
INSERT INTO GenEdCourses VALUES('ADHM 410', 'D');
INSERT INTO GenEdCourses VALUES('ADHM 411', 'D');
INSERT INTO GenEdCourses VALUES('ANTH 111', 'D');
INSERT INTO GenEdCourses VALUES('ART 110', 'D');
INSERT INTO GenEdCourses VALUES('COMM 216', 'D');
INSERT INTO GenEdCourses VALUES('ENGL 330', 'D');
INSERT INTO GenEdCourses VALUES('ENGL 335', 'D');
INSERT INTO GenEdCourses VALUES('ENGL 340', 'D');
INSERT INTO GenEdCourses VALUES('ENGL 341', 'D');
INSERT INTO GenEdCourses VALUES('ENGL 345', 'D');
INSERT INTO GenEdCourses VALUES('FREN 201', 'D');
INSERT INTO GenEdCourses VALUES('FREN 345', 'D');
INSERT INTO GenEdCourses VALUES('GERM 201', 'D');
INSERT INTO GenEdCourses VALUES('HDFS 475', 'D');
INSERT INTO GenEdCourses VALUES('HIST 135', 'D');
INSERT INTO GenEdCourses VALUES('HIST 261', 'D');
INSERT INTO GenEdCourses VALUES('HIST 271', 'D');
INSERT INTO GenEdCourses VALUES('HIST 431', 'D');
INSERT INTO GenEdCourses VALUES('HON 386', 'D');
INSERT INTO GenEdCourses VALUES('MUSC 108', 'D');
INSERT INTO GenEdCourses VALUES('PHIL 215', 'D');
INSERT INTO GenEdCourses VALUES('SOC 235', 'D');
INSERT INTO GenEdCourses VALUES('SOC 412', 'D');
INSERT INTO GenEdCourses VALUES('SPAN 201', 'D');
INSERT INTO GenEdCourses VALUES('THEA 115', 'D');
INSERT INTO GenEdCourses VALUES('THEA 280', 'D');
INSERT INTO GenEdCourses VALUES('WGS 110', 'D');
INSERT INTO GenEdCourses VALUES('WGS 112', 'D');

-- Global Perspectives (G)
INSERT INTO GenEdCourses VALUES('ARCH 321', 'G');
INSERT INTO GenEdCourses VALUES('ART 111', 'G');
INSERT INTO GenEdCourses VALUES('BIOL 124', 'G');
INSERT INTO GenEdCourses VALUES('BIOL 124L', 'G');
INSERT INTO GenEdCourses VALUES('ECON 105', 'G');
INSERT INTO GenEdCourses VALUES('ECON 201', 'G');
INSERT INTO GenEdCourses VALUES('ECON 202', 'G');
INSERT INTO GenEdCourses VALUES('ENGL 231', 'G');
INSERT INTO GenEdCourses VALUES('ENGL 336', 'G');
INSERT INTO GenEdCourses VALUES('ENGR 312', 'G');
INSERT INTO GenEdCourses VALUES('FREN 101', 'G');
INSERT INTO GenEdCourses VALUES('FREN 102', 'G');
INSERT INTO GenEdCourses VALUES('GEOG 151', 'G');
INSERT INTO GenEdCourses VALUES('GEOG 161', 'G');
INSERT INTO GenEdCourses VALUES('GEOL 105', 'G');
INSERT INTO GenEdCourses VALUES('GEOL 105L', 'G');
INSERT INTO GenEdCourses VALUES('GEOL 106', 'G');
INSERT INTO GenEdCourses VALUES('GEOL 106L', 'G');
INSERT INTO GenEdCourses VALUES('GERM 101', 'G');
INSERT INTO GenEdCourses VALUES('GERM 102', 'G');
INSERT INTO GenEdCourses VALUES('GERM 220', 'G');
INSERT INTO GenEdCourses VALUES('HDFS 468', 'G');
INSERT INTO GenEdCourses VALUES('HIST 381', 'G');
INSERT INTO GenEdCourses VALUES('INTL 110', 'G');
INSERT INTO GenEdCourses VALUES('NRM 225', 'G');
INSERT INTO GenEdCourses VALUES('PLSC 110', 'G');
INSERT INTO GenEdCourses VALUES('POLS 220', 'G');
INSERT INTO GenEdCourses VALUES('RNG 225', 'G');
INSERT INTO GenEdCourses VALUES('SPAN 101', 'G');
INSERT INTO GenEdCourses VALUES('SPAN 102', 'G');
INSERT INTO GenEdCourses VALUES('UNIV 151', 'G');

-- Major Requirements
---- Core Courses
INSERT INTO Courses VALUES('CSCI 160', 'Computer Science I', 4);
INSERT INTO Courses VALUES('CSCI 161', 'Computer Science II', 4);
INSERT INTO Courses VALUES('CSCI 213', 'Modern Software Development', 3);
INSERT INTO Courses VALUES('CSCI 222', 'Discrete Mathematics', 3);
INSERT INTO Courses VALUES('CSCI 313', 'Software Development for Games', 3);
INSERT INTO Courses VALUES('CSCI 336', 'Theoretical Computer Science II', 3);
INSERT INTO Courses VALUES('CSCI 366', 'Files for Database Systems', 3);
INSERT INTO Courses VALUES('CSCI 372', 'Comparative Programming Languages', 3);
INSERT INTO Courses VALUES('CSCI 374', 'Computer Organization & Architecture', 3);
INSERT INTO Courses VALUES('CSCI 415', 'Networking and Parallel Computation', 3);
INSERT INTO Courses VALUES('CSCI 445', 'Software Projects: Capstone', 3);
INSERT INTO Courses VALUES('CSCI 467', 'Algorithm Analysis', 3);
INSERT INTO Courses VALUES('CSCI 474', 'Operating Systems Concepts', 3);
INSERT INTO Courses VALUES('CSCI 489', 'Social Implications of Computers', 3);

-- Computer Science Electives
INSERT INTO Courses VALUES('CSCI 345', 'Topics in Personal Computers', 3);
INSERT INTO Courses VALUES('CSCI 413', 'Principles of Software Engineering', 3);
INSERT INTO Courses VALUES('CSCI 418', 'Simulation Models', 3);
INSERT INTO Courses VALUES('CSCI 426', 'Introduction to Artificial Intelligence', 3);
INSERT INTO Courses VALUES('CSCI 453', 'Linear Programming and Network Flows', 3);
INSERT INTO Courses VALUES('CSCI 454', 'Operations Research', 3);
INSERT INTO Courses VALUES('CSCI 458', 'Microcomputer Graphics', 3);
INSERT INTO Courses VALUES('CSCI 459', 'Foundations of Computer Networks', 3);
INSERT INTO Courses VALUES('CSCI 469', 'Network Security', 3);
INSERT INTO Courses VALUES('CSCI 473', 'Foundations of the Digital Enterprise', 3);
INSERT INTO Courses VALUES('CSCI 476', 'Computer Forensics', 3);
INSERT INTO Courses VALUES('CSCI 477', 'Object-Oriented Systems', 3);
INSERT INTO Courses VALUES('CSCI 479', 'Introduction to Data Mining', 3);
INSERT INTO Courses VALUES('CSCI 488', 'Human-Computer Interaction', 3);

CREATE TABLE ElectiveCourses(Id TEXT, Category TEXT);

-- Software Engineering (SE)
INSERT INTO ElectiveCourses VALUES('CSCI 413', 'SE');
INSERT INTO ElectiveCourses VALUES('CSCI 477', 'SE');
INSERT INTO ElectiveCourses VALUES('CSCI 488', 'SE');

-- Large Systems (LS)
INSERT INTO ElectiveCourses VALUES('CSCI 426', 'LS');
INSERT INTO ElectiveCourses VALUES('CSCI 458', 'LS');
INSERT INTO ElectiveCourses VALUES('CSCI 459', 'LS');

-- Systems Modeling (SM)
INSERT INTO ElectiveCourses VALUES('CSCI 418', 'SM');
INSERT INTO ElectiveCourses VALUES('CSCI 453', 'SM');
INSERT INTO ElectiveCourses VALUES('CSCI 454', 'SM');

-- Emerging Areas (EA)
INSERT INTO ElectiveCourses VALUES('CSCI 345', 'EA');
INSERT INTO ElectiveCourses VALUES('CSCI 469', 'EA');
INSERT INTO ElectiveCourses VALUES('CSCI 473', 'EA');
INSERT INTO ElectiveCourses VALUES('CSCI 476', 'EA');
INSERT INTO ElectiveCourses VALUES('CSCI 479', 'EA');

-- Related Required Courses
---- Mathematics and Statistics
INSERT INTO Courses VALUES('MATH 166', 'Calculus II', 4);
INSERT INTO Courses VALUES('STAT 367', 'Probability', 3);
INSERT INTO Courses VALUES('STAT 368', 'Statistics', 3);


-- Additional Humanities and Social Sciences courses
-- (containing prefix ADHM, ANTH, ARCH, ART, CJ, CLAS,
--  COMM, ECON, ENGL, FREN, GEOG, GERM, HDFS, HIST, LA,
--  LANG, MUSC, PHIL, POLS, PSYC, RELS, SOC, SPAN, THEA,
--  or WGS)
----ADHM
INSERT INTO Courses VALUES('ADHM 101', 'Beginning Apparel Construction', 3);
INSERT INTO Courses VALUES('ADHM 140', 'Introduction to the Hospitality Industry', 3);
INSERT INTO Courses VALUES('ADHM 141', 'Tourism and Travel Management', 3);
INSERT INTO Courses VALUES('ADHM 150', 'Design Fundamentals-Lecture', 1);
INSERT INTO Courses VALUES('ADHM 151', 'Design Fundamentals-Studio', 3);
INSERT INTO Courses VALUES('ADHM 153', 'Sketching for Creativity', 1);
INSERT INTO Courses VALUES('ADHM 155', 'Apparel Construction and Fit', 3);
INSERT INTO Courses VALUES('ADHM 160', 'Interior Design Careers', 1);
INSERT INTO Courses VALUES('ADHM 161', 'Introduction to Manual Drafting', 3);
INSERT INTO Courses VALUES('ADHM 162', 'Intermediate Manual Drafting', 3);
INSERT INTO Courses VALUES('ADHM 171', 'Fashion Dynamics', 3);
INSERT INTO Courses VALUES('ADHM 181', 'Aesthetics and Visual Analysis of Apparel Products', 3);
INSERT INTO Courses VALUES('ADHM 241', 'Hospitality Accounting', 3);
INSERT INTO Courses VALUES('ADHM 245', 'Contemporary Issues of Controlled Beverages', 3);
INSERT INTO Courses VALUES('ADHM 250', 'Interior Environmental Analysis', 2);
INSERT INTO Courses VALUES('ADHM 251', 'Interior Design Studio I-Residential', 2);
INSERT INTO Courses VALUES('ADHM 253', 'Interior Design Studio II-Office Design', 2);
INSERT INTO Courses VALUES('ADHM 254', 'Interior Design Studio III', 2);
INSERT INTO Courses VALUES('ADHM 261', 'Visual Communications', 3);
INSERT INTO Courses VALUES('ADHM 264', 'Residential Systems', 2);
INSERT INTO Courses VALUES('ADHM 271', 'Visual Merchandising and Promotion', 3);
INSERT INTO Courses VALUES('ADHM 272', 'Product Development', 3);
INSERT INTO Courses VALUES('ADHM 300', 'Design Resource Management', 1);
INSERT INTO Courses VALUES('ADHM 351', 'Interior Design Studio IV-Advanced Residential', 3);
INSERT INTO Courses VALUES('ADHM 353', 'Interior Design Studio V-Large Scale Contract Design', 3);
INSERT INTO Courses VALUES('ADHM 355', 'Flat Pattern Design & Draping', 3);
INSERT INTO Courses VALUES('ADHM 356', 'Pattern Drafting and Grading', 3);
INSERT INTO Courses VALUES('ADHM 357', 'Product Development: Designing Pants', 3);
INSERT INTO Courses VALUES('ADHM 360', 'Lodging Operations Management', 3);
INSERT INTO Courses VALUES('ADHM 362', 'Codes for Interiors', 3);
INSERT INTO Courses VALUES('ADHM 363', 'Commercial Lighting Design and Building Systems', 3);
INSERT INTO Courses VALUES('ADHM 365', 'CADD for Interiors', 3);
INSERT INTO Courses VALUES('ADHM 366', 'Textiles', 3);
INSERT INTO Courses VALUES('ADHM 367', 'Textiles Laboratory', 1);
INSERT INTO Courses VALUES('ADHM 368', 'Interior Materials and Maintenance', 3);
INSERT INTO Courses VALUES('ADHM 370', 'Sewn-Product Manufacturing and Analysis', 3);
INSERT INTO Courses VALUES('ADHM 372', 'Global Retailing', 3);
INSERT INTO Courses VALUES('ADHM 375', 'Professional Development', 1);
INSERT INTO Courses VALUES('ADHM 381', 'Hospitality Marketing and Sales', 3);
INSERT INTO Courses VALUES('ADHM 384', 'Beverage Operations', 3);
INSERT INTO Courses VALUES('ADHM 385', 'Global Fashion Economics', 3);
INSERT INTO Courses VALUES('ADHM 401', 'Convention and Meeting Planning', 3);
INSERT INTO Courses VALUES('ADHM 402', 'Professional Catering Management', 3);
INSERT INTO Courses VALUES('ADHM 403', 'Resort and Spa Operations', 3);
INSERT INTO Courses VALUES('ADHM 404', 'Restaurant Operations Management', 3);
INSERT INTO Courses VALUES('ADHM 404L', 'Restaurant Operations Management Laboratory', 2);
INSERT INTO Courses VALUES('ADHM 405', 'Casino Operations', 3);
INSERT INTO Courses VALUES('ADHM 406', 'Professional Club Management', 3);
INSERT INTO Courses VALUES('ADHM 425', 'Experiential Retailing', 3);
INSERT INTO Courses VALUES('ADHM 435', 'Cost Controls in Hospitality and Food Service Systems', 3);
INSERT INTO Courses VALUES('ADHM 450', 'Research and Project Development in Interior Design', 3);
INSERT INTO Courses VALUES('ADHM 452', 'Comprehensive Interior Design Project', 6);
INSERT INTO Courses VALUES('ADHM 455', 'Advanced Apparel Assembly', 3);
INSERT INTO Courses VALUES('ADHM 460', 'Career Development and Professional Practice', 3);
INSERT INTO Courses VALUES('ADHM 461', 'Building Information Modeling', 3);
INSERT INTO Courses VALUES('ADHM 465', 'Aging and the Environment', 3);
INSERT INTO Courses VALUES('ADHM 467', 'Hospitality Law', 3);
INSERT INTO Courses VALUES('ADHM 470', 'Retail Financial Management and Control', 4);
INSERT INTO Courses VALUES('ADHM 479', 'Hospitality Industry Management Strategies', 3);
INSERT INTO Courses VALUES('ADHM 481', 'Apparel and Textiles Capstone Experience', 3);
INSERT INTO Courses VALUES('ADHM 485', 'Global Consumer Analysis', 3);
INSERT INTO Courses VALUES('ADHM 486', 'Dress and Human Behavior', 3);
INSERT INTO Courses VALUES('ADHM 489', 'Study Tour', 1);
INSERT INTO Courses VALUES('ADHM 625', 'Experiential Retailing', 3);
INSERT INTO Courses VALUES('ADHM 635', 'Cost Controls in Hospitality and Food Service Systems', 3);
INSERT INTO Courses VALUES('ADHM 665', 'Aging and the Environment', 3);
INSERT INTO Courses VALUES('ADHM 685', 'Global Consumer Analysis', 3);
INSERT INTO Courses VALUES('ADHM 710', 'Consumer Behavior in Merchandising', 3);
INSERT INTO Courses VALUES('ADHM 720', 'Professional Advancement', 3);
INSERT INTO Courses VALUES('ADHM 730', 'Product Design, Develeopment and Evaluation', 3);
INSERT INTO Courses VALUES('ADHM 736', 'Entrepreneurship in Dietetics', 3);
INSERT INTO Courses VALUES('ADHM 740', 'Promotional Strategies in Merchandising', 3);
INSERT INTO Courses VALUES('ADHM 750', 'Retail Theory and Current Practice', 3);
INSERT INTO Courses VALUES('ADHM 760', 'Historical and Contemporary Issues in Trade', 3);
INSERT INTO Courses VALUES('ADHM 770', 'International Retail Expansion', 3);
INSERT INTO Courses VALUES('ADHM 775', 'Research Methods in Merchandising', 3);
INSERT INTO Courses VALUES('ADHM 780', 'Financial Merchandising Implications', 3);
INSERT INTO Courses VALUES('ADHM 785', 'Strategic Merchandise Planning', 3);
----ANTH
INSERT INTO Courses VALUES('ANTH 204', 'Archaeology and Prehistory', 3);
INSERT INTO Courses VALUES('ANTH 205', 'Human Origins', 3);
INSERT INTO Courses VALUES('ANTH 206', 'Introduction to Cultural Anthropology: Peoples of the World', 3);
INSERT INTO Courses VALUES('ANTH 209', 'Introduction to Linguistics', 3);
INSERT INTO Courses VALUES('ANTH 332', 'Medical Anthropology', 3);
INSERT INTO Courses VALUES('ANTH 432', 'Human Osteology', 3);
INSERT INTO Courses VALUES('ANTH 433', 'Apes and Human Evolution', 3);
INSERT INTO Courses VALUES('ANTH 441', 'Death and Dying', 3);
INSERT INTO Courses VALUES('ANTH 443', 'Peoples and Cultures of the Middle East & North Africa', 3);
INSERT INTO Courses VALUES('ANTH 444', 'Peoples of the Pacific Islands', 3);
INSERT INTO Courses VALUES('ANTH 446', 'Latin America & Carribean: Afro-Latino/as, Gender, Indigeneity', 3);
INSERT INTO Courses VALUES('ANTH 453', 'Magic and Religion', 3);
INSERT INTO Courses VALUES('ANTH 455', 'Language and Expressive Culture', 3);
INSERT INTO Courses VALUES('ANTH 459', 'Global Cultural Heritage', 3);
INSERT INTO Courses VALUES('ANTH 462', 'Anthropology and the Environment', 3);
INSERT INTO Courses VALUES('ANTH 464', 'Disaster and Culture', 3);
INSERT INTO Courses VALUES('ANTH 470', 'Analysis & Interpretation in Archaeology', 3);
INSERT INTO Courses VALUES('ANTH 471', 'Archaeological Research Methods', 3);
INSERT INTO Courses VALUES('ANTH 480', 'Development of Anthropological Theory', 3);
INSERT INTO Courses VALUES('ANTH 481', 'Qualitative Methods in Cultural Anthropology', 3);
INSERT INTO Courses VALUES('ANTH 489', 'Senior Capstone In Anthropology', 1);
INSERT INTO Courses VALUES('ANTH 632', 'Human Osteology', 3);
INSERT INTO Courses VALUES('ANTH 633', 'Apes and Human Evolution', 3);
INSERT INTO Courses VALUES('ANTH 641', 'Death and Dying', 3);
INSERT INTO Courses VALUES('ANTH 643', 'Peoples and Cultures of the Middle East & North Africa', 3);
INSERT INTO Courses VALUES('ANTH 644', 'Peoples of the Pacific Islands', 3);
INSERT INTO Courses VALUES('ANTH 646', 'Latin America & Carribean: Afro-Latino/as, Gender, Indigeneity', 3);
INSERT INTO Courses VALUES('ANTH 653', 'Magic and Religion', 3);
INSERT INTO Courses VALUES('ANTH 655', 'Language and Expressive Culture', 3);
INSERT INTO Courses VALUES('ANTH 659', 'Global Cultural Heritage', 3);
INSERT INTO Courses VALUES('ANTH 662', 'Anthropology and the Environment', 3);
INSERT INTO Courses VALUES('ANTH 664', 'Disaster and Culture', 3);
INSERT INTO Courses VALUES('ANTH 670', 'Analysis & Interpretation in Archaeology', 3);
INSERT INTO Courses VALUES('ANTH 671', 'Archaeological Research Methods', 3);
INSERT INTO Courses VALUES('ANTH 680', 'Development of Anthropological Theory', 3);
INSERT INTO Courses VALUES('ANTH 681', 'Qualitative Methods in Cultural Anthropology', 3);
----ARCH
INSERT INTO Courses VALUES('ARCH 231', 'Architectural Drawing', 3);
INSERT INTO Courses VALUES('ARCH 232', 'Design Technology', 3);
INSERT INTO Courses VALUES('ARCH 271', 'Architectural Design I', 6);
INSERT INTO Courses VALUES('ARCH 272', 'Architectural Design II', 6);
INSERT INTO Courses VALUES('ARCH 326', 'Design Theory', 3);
INSERT INTO Courses VALUES('ARCH 341', 'Site Design for Architects', 4);
INSERT INTO Courses VALUES('ARCH 344', 'Architectural Structures I', 3);
INSERT INTO Courses VALUES('ARCH 351', 'Materials & Construction', 4);
INSERT INTO Courses VALUES('ARCH 371', 'Architectural Design III', 6);
INSERT INTO Courses VALUES('ARCH 372', 'Architectural Design IV', 6);
INSERT INTO Courses VALUES('ARCH 443', 'Architectural Structures II', 3);
INSERT INTO Courses VALUES('ARCH 450', 'Architectural Detailing', 3);
INSERT INTO Courses VALUES('ARCH 453', 'Environmental Control Systems: Passive Principles', 3);
INSERT INTO Courses VALUES('ARCH 454', 'Environmental Control System: Active System', 3);
INSERT INTO Courses VALUES('ARCH 461', 'Urban Design', 3);
INSERT INTO Courses VALUES('ARCH 471', 'Architectural Design V', 6);
INSERT INTO Courses VALUES('ARCH 472', 'Architectural Design VI', 6);
INSERT INTO Courses VALUES('ARCH 474', 'International Design Studio', 6);
INSERT INTO Courses VALUES('ARCH 475', 'Design Build Studio', 6);
INSERT INTO Courses VALUES('ARCH 675', 'Design Build Studio', 6);
INSERT INTO Courses VALUES('ARCH 721', 'Non-Western Architectural Traditions', 3);
INSERT INTO Courses VALUES('ARCH 722', 'Urbanism', 3);
INSERT INTO Courses VALUES('ARCH 723', 'Historic Preservation', 3);
INSERT INTO Courses VALUES('ARCH 724', 'Architectural Technology', 3);
INSERT INTO Courses VALUES('ARCH 725', 'Architecture or the Recent Past', 3);
INSERT INTO Courses VALUES('ARCH 726', 'Current Architectural Theory', 3);
INSERT INTO Courses VALUES('ARCH 727', 'Vernacular Architectural Traditions', 3);
INSERT INTO Courses VALUES('ARCH 728', 'Sociocultural Issues', 3);
INSERT INTO Courses VALUES('ARCH 763', 'Programming/Thesis Prep', 3);
INSERT INTO Courses VALUES('ARCH 771', 'Advanced Architectural Design', 6);
INSERT INTO Courses VALUES('ARCH 772', 'Design Thesis', 8);
INSERT INTO Courses VALUES('ARCH 781', 'Professional Practice', 3);
INSERT INTO Courses VALUES('ARCH 789', 'Professional Topics in Architecture', 3);
----ART
INSERT INTO Courses VALUES('ART 111', 'Introduction to Art History', 3);
INSERT INTO Courses VALUES('ART 120', 'Painting I', 3);
INSERT INTO Courses VALUES('ART 122', 'Two-Dimensional Design', 3);
INSERT INTO Courses VALUES('ART 124', 'Three-Dimensional Design', 3);
INSERT INTO Courses VALUES('ART 131', 'Foundations Drawing', 3);
INSERT INTO Courses VALUES('ART 150', 'Ceramics I', 3);
INSERT INTO Courses VALUES('ART 160', 'Sculpture I', 3);
INSERT INTO Courses VALUES('ART 170', 'Printmaking I', 3);
INSERT INTO Courses VALUES('ART 180', 'Photography I', 3);
INSERT INTO Courses VALUES('ART 185', 'Digital Media', 3);
INSERT INTO Courses VALUES('ART 220', 'Painting II', 3);
INSERT INTO Courses VALUES('ART 230', 'Drawing II', 3);
INSERT INTO Courses VALUES('ART 250', 'Ceramics II', 3);
INSERT INTO Courses VALUES('ART 260', 'Sculpture II', 3);
INSERT INTO Courses VALUES('ART 270', 'Printmaking II', 3);
INSERT INTO Courses VALUES('ART 280', 'Photography II', 3);
INSERT INTO Courses VALUES('ART 285', 'Digital Media II', 3);
INSERT INTO Courses VALUES('ART 320', 'Painting III', 3);
INSERT INTO Courses VALUES('ART 330', 'Drawing III', 3);
INSERT INTO Courses VALUES('ART 335', 'Figure Drawing', 3);
INSERT INTO Courses VALUES('ART 350', 'Ceramics III', 3);
INSERT INTO Courses VALUES('ART 360', 'Sculpture III', 3);
INSERT INTO Courses VALUES('ART 370', 'Printmaking III', 3);
INSERT INTO Courses VALUES('ART 380', 'Photography III', 3);
INSERT INTO Courses VALUES('ART 385', 'Digital Media III', 3);
INSERT INTO Courses VALUES('ART 389', 'Art Theory and Criticism', 3);
INSERT INTO Courses VALUES('ART 420', 'Painting IV', 3);
INSERT INTO Courses VALUES('ART 430', 'Drawing IV', 3);
INSERT INTO Courses VALUES('ART 435', 'Advanced Figure Drawing', 3);
INSERT INTO Courses VALUES('ART 450', 'Ceramics IV', 3);
INSERT INTO Courses VALUES('ART 451', 'History of American Art', 3);
INSERT INTO Courses VALUES('ART 452', 'Contemporary Art', 3);
INSERT INTO Courses VALUES('ART 453', 'Topics in Art History', 3);
INSERT INTO Courses VALUES('ART 460', 'Sculpture IV', 3);
INSERT INTO Courses VALUES('ART 470', 'Printmaking IV', 3);
INSERT INTO Courses VALUES('ART 480', 'Photography IV', 3);
INSERT INTO Courses VALUES('ART 485', 'Digital Media IV', 3);
INSERT INTO Courses VALUES('ART 489', 'Baccalaureate Project', 3);
----CJ
INSERT INTO Courses VALUES('CJ 201', 'Introduction to Criminal Justice', 3);
INSERT INTO Courses VALUES('CJ 210', 'Introduction to Policing', 3);
INSERT INTO Courses VALUES('CJ 225', 'Punishment and the Death Penalty', 1);
INSERT INTO Courses VALUES('CJ 226', 'Criminal Investigation', 2);
INSERT INTO Courses VALUES('CJ 230', 'Criminology and Criminal Law', 3);
INSERT INTO Courses VALUES('CJ 310', 'Women and Policing', 3);
INSERT INTO Courses VALUES('CJ 325', 'Applied Research Methods', 4);
INSERT INTO Courses VALUES('CJ 327', 'Drugs and the Criminal Justice System', 3);
INSERT INTO Courses VALUES('CJ 330', 'Criminal Law and Procedure', 2);
INSERT INTO Courses VALUES('CJ 354', 'Media, Crime and Justice in America', 2);
INSERT INTO Courses VALUES('CJ 406', 'Crime and Delinquency', 3);
INSERT INTO Courses VALUES('CJ 407', 'Deviant Behavior', 3);
INSERT INTO Courses VALUES('CJ 460', 'Criminal Court System', 3);
INSERT INTO Courses VALUES('CJ 461', 'Corrections', 3);
INSERT INTO Courses VALUES('CJ 465', 'Women and Minorities in Criminal Justice', 3);
INSERT INTO Courses VALUES('CJ 489', 'Senior Capstone in Criminal Justice', 1);
INSERT INTO Courses VALUES('CJ 606', 'Crime and Delinquency', 3);
INSERT INTO Courses VALUES('CJ 607', 'Deviant Behavior', 3);
INSERT INTO Courses VALUES('CJ 660', 'Criminal Court System', 3);
INSERT INTO Courses VALUES('CJ 661', 'Corrections', 3);
INSERT INTO Courses VALUES('CJ 702', 'Program Evaluation', 3);
INSERT INTO Courses VALUES('CJ 703', 'Advanced Criminology', 3);
INSERT INTO Courses VALUES('CJ 707', 'Juvenile Corrections', 3);
INSERT INTO Courses VALUES('CJ 709', 'Criminal Justice Policy', 3);
INSERT INTO Courses VALUES('CJ 721', 'Individual Theories of Crime', 3);
INSERT INTO Courses VALUES('CJ 722', 'Structural Theories of Crime', 3);
INSERT INTO Courses VALUES('CJ 733', 'Issues in Institutional Corrections', 3);
INSERT INTO Courses VALUES('CJ 734', 'Advanced Criminal Justice Methods', 3);
INSERT INTO Courses VALUES('CJ 750', 'Violence', 3);
INSERT INTO Courses VALUES('CJ 752', 'Criminogenic Commodities', 3);
INSERT INTO Courses VALUES('CJ 754', 'Police and Society', 3);
INSERT INTO Courses VALUES('CJ 755', 'Administrative Policing', 3);
INSERT INTO Courses VALUES('CJ 759', 'Advanced Research Design in Criminal Justice', 3);
INSERT INTO Courses VALUES('CJ 760', 'Police and Race Issues', 3);
INSERT INTO Courses VALUES('CJ 761', 'Police Effectiveness', 3);
INSERT INTO Courses VALUES('CJ 762', 'Community Corrections', 3);
INSERT INTO Courses VALUES('CJ 763', 'Correctional Rehabilitation', 3);
INSERT INTO Courses VALUES('CJ 764', 'Punishment and Society', 3);
INSERT INTO Courses VALUES('CJ 765', 'Classics in Policing', 3);
INSERT INTO Courses VALUES('CJ 765', 'Crime Prevention', 3);
INSERT INTO Courses VALUES('CJ 768', 'Gender and Justice', 3);
----CLAS
INSERT INTO Courses VALUES('CLAS 102', 'First-Year Latin II', 4);
INSERT INTO Courses VALUES('CLAS 152', 'First-Year Greek II', 4);
INSERT INTO Courses VALUES('CLAS 180', 'Scientific Term: Greek & Latin', 2);
INSERT INTO Courses VALUES('CLAS 201', 'Second-Year Latin I', 3);
INSERT INTO Courses VALUES('CLAS 202', 'Second-Year Latin II', 3);
INSERT INTO Courses VALUES('CLAS 251', 'Second-Year Greek I', 3);
INSERT INTO Courses VALUES('CLAS 252', 'Second-Year Greek II', 3);
INSERT INTO Courses VALUES('CLAS 289', 'Biblical Hebrew I', 3);
INSERT INTO Courses VALUES('CLAS 290', 'Biblical Hebrew II', 3);
INSERT INTO Courses VALUES('CLAS 350', 'Glory of Greece', 3);
INSERT INTO Courses VALUES('CLAS 360', 'Grandeur Of Rome', 3);
INSERT INTO Courses VALUES('CLAS 361', 'Cicero', 3);
INSERT INTO Courses VALUES('CLAS 362', 'Virgil', 3);
INSERT INTO Courses VALUES('CLAS 363', 'Advanced Latin Prose', 3);
INSERT INTO Courses VALUES('CLAS 364', 'Advanced Latin Poetry', 3);
INSERT INTO Courses VALUES('CLAS 370', 'Classical Mythology', 3);
INSERT INTO Courses VALUES('CLAS 451', 'Advanced Greek Prose', 3);
INSERT INTO Courses VALUES('CLAS 452', 'Greek Tragedy', 3);
----COMM
INSERT INTO Courses VALUES('COMM 109', 'Communicating with Confidence', 1);
INSERT INTO Courses VALUES('COMM 111', 'Honors Public Speaking', 3);
INSERT INTO Courses VALUES('COMM 112', 'Understanding Media and Social Change', 3);
INSERT INTO Courses VALUES('COMM 133', 'Introduction to Agricultural Communication', 3);
INSERT INTO Courses VALUES('COMM 150', 'Forensic Practice', 1);
INSERT INTO Courses VALUES('COMM 200', 'Introduction to Media Writing', 3);
INSERT INTO Courses VALUES('COMM 214', 'Persuasive Speaking', 3);
INSERT INTO Courses VALUES('COMM 230', 'Basic Photography for the Mass Media', 3);
INSERT INTO Courses VALUES('COMM 260', 'Principles of Internet Web-Based Design', 3);
INSERT INTO Courses VALUES('COMM 261', 'Introduction to Web Development', 3);
INSERT INTO Courses VALUES('COMM 271', 'Listening and Nonverbal Communication', 3);
INSERT INTO Courses VALUES('COMM 301', 'Rhetorical Traditions', 3);
INSERT INTO Courses VALUES('COMM 308', 'Business and Professional Speaking', 3);
INSERT INTO Courses VALUES('COMM 310', 'Advanced Media Writing', 3);
INSERT INTO Courses VALUES('COMM 312', 'Oral Performance Studies', 3);
INSERT INTO Courses VALUES('COMM 313', 'Editorial Processes', 3);
INSERT INTO Courses VALUES('COMM 315', 'Small Group Communication', 3);
INSERT INTO Courses VALUES('COMM 316', 'Conflict Communication', 3);
INSERT INTO Courses VALUES('COMM 318', 'Argumentation and Advocacy', 3);
INSERT INTO Courses VALUES('COMM 320', 'Communication Analysis', 3);
INSERT INTO Courses VALUES('COMM 321', 'Introduction to Communication Theory', 3);
INSERT INTO Courses VALUES('COMM 325', 'Applied Research Methods', 4);
INSERT INTO Courses VALUES('COMM 330', 'Advanced News Photography', 3);
INSERT INTO Courses VALUES('COMM 340', 'Social Research Methods', 3);
INSERT INTO Courses VALUES('COMM 341', 'Social Research Methods Laboratory', 1);
INSERT INTO Courses VALUES('COMM 345', 'Principles of Broadcast Production', 3);
INSERT INTO Courses VALUES('COMM 346', 'Sports Broadcasting', 3);
INSERT INTO Courses VALUES('COMM 347', 'Television On-Air Performance', 3);
INSERT INTO Courses VALUES('COMM 348', 'Documentary & Commercial Production', 3);
INSERT INTO Courses VALUES('COMM 349', 'Television Studio Production', 3);
INSERT INTO Courses VALUES('COMM 362', 'Principles of Design For Print', 3);
INSERT INTO Courses VALUES('COMM 363', 'Advanced Web Design', 3);
INSERT INTO Courses VALUES('COMM 375', 'Principles and Practices of Advertising and Public Relations', 3);
INSERT INTO Courses VALUES('COMM 376', 'Advertising Creative Strategies', 3);
INSERT INTO Courses VALUES('COMM 377', 'Advertising Media Planning', 3);
INSERT INTO Courses VALUES('COMM 380', 'Health Communication I', 3);
INSERT INTO Courses VALUES('COMM 381', 'Patient-Provider Communication', 3);
INSERT INTO Courses VALUES('COMM 383', 'Organizational Communication I', 3);
INSERT INTO Courses VALUES('COMM 386', 'Organizational Interviewing', 3);
INSERT INTO Courses VALUES('COMM 402', 'Contemporary Rhetoric', 3);
INSERT INTO Courses VALUES('COMM 412', 'Gender and Communication', 3);
INSERT INTO Courses VALUES('COMM 421', 'History of Journalism', 3);
INSERT INTO Courses VALUES('COMM 425', 'Specialty Writing', 3);
INSERT INTO Courses VALUES('COMM 431', 'Communication Ethics', 3);
INSERT INTO Courses VALUES('COMM 433', 'Legal Communication', 3);
INSERT INTO Courses VALUES('COMM 434', 'Communication Law', 3);
INSERT INTO Courses VALUES('COMM 435', 'Critical Approaches to Popular Culture', 3);
INSERT INTO Courses VALUES('COMM 436', 'Issues in Mass Communications', 3);
INSERT INTO Courses VALUES('COMM 442', 'Digital Media and Society', 3);
INSERT INTO Courses VALUES('COMM 443', 'Mass Media and Public Opinion', 3);
INSERT INTO Courses VALUES('COMM 445', 'Advanced Broadcast Production', 3);
INSERT INTO Courses VALUES('COMM 446', 'Television Studio Production', 3);
INSERT INTO Courses VALUES('COMM 450', 'Issues in Communication', 3);
INSERT INTO Courses VALUES('COMM 451', 'Directing Forensics', 2);
INSERT INTO Courses VALUES('COMM 462', 'Web Database Programming', 3);
INSERT INTO Courses VALUES('COMM 465', 'Convergence Media', 3);
INSERT INTO Courses VALUES('COMM 472', 'Public Relations Campaigns', 3);
INSERT INTO Courses VALUES('COMM 473', 'Case Study in Public Relations', 3);
INSERT INTO Courses VALUES('COMM 474', 'Communication Campaigns', 3);
INSERT INTO Courses VALUES('COMM 476', 'Advertising Campaign Practicum', 3);
INSERT INTO Courses VALUES('COMM 477', 'Research for Strategic Communication', 3);
INSERT INTO Courses VALUES('COMM 480', 'Health Communication II', 3);
INSERT INTO Courses VALUES('COMM 482', 'Organizational Communication II', 3);
INSERT INTO Courses VALUES('COMM 484', 'Organizational Advocacy and Issue Management', 3);
INSERT INTO Courses VALUES('COMM 485', 'Crisis Communications in Public Relations', 3);
INSERT INTO Courses VALUES('COMM 486', 'Principles of Risk Communication', 3);
INSERT INTO Courses VALUES('COMM 487', 'Organizational Power and Leadership', 3);
INSERT INTO Courses VALUES('COMM 488', 'Social Influence and Organizational Change', 3);
INSERT INTO Courses VALUES('COMM 489', 'Communication Capstone', 3);
INSERT INTO Courses VALUES('COMM 602', 'Contemporary Rhetoric', 3);
INSERT INTO Courses VALUES('COMM 612', 'Gender and Communication', 3);
INSERT INTO Courses VALUES('COMM 621', 'History of Journalism', 3);
INSERT INTO Courses VALUES('COMM 633', 'Legal Communication', 3);
INSERT INTO Courses VALUES('COMM 634', 'Communication Law', 3);
INSERT INTO Courses VALUES('COMM 636', 'Issues in Mass Communication', 3);
INSERT INTO Courses VALUES('COMM 643', 'Mass Media and Public Opinion', 3);
INSERT INTO Courses VALUES('COMM 650', 'Issues in Communication', 3);
INSERT INTO Courses VALUES('COMM 651', 'Directing Forensics', 2);
INSERT INTO Courses VALUES('COMM 672', 'Public Relations Campaigns', 3);
INSERT INTO Courses VALUES('COMM 700', 'Research Methods in Communication', 3);
INSERT INTO Courses VALUES('COMM 701', 'Advanced Research Methods in Communication I', 3);
INSERT INTO Courses VALUES('COMM 702', 'Introduction to College Teaching in the Humanities and Social Sciences', 3);
INSERT INTO Courses VALUES('COMM 703', 'Advanced Research Methods in Communication II', 3);
INSERT INTO Courses VALUES('COMM 704', 'Qualitative Research Methods in Communication', 3);
INSERT INTO Courses VALUES('COMM 705', 'Advanced Communication Theory', 3);
INSERT INTO Courses VALUES('COMM 706', 'Advanced Interpersonal Communication', 3);
INSERT INTO Courses VALUES('COMM 707', 'Quantitative Research Methods in Communication', 3);
INSERT INTO Courses VALUES('COMM 708', 'Advanced Qualitative Methods in Communication Research', 3);
INSERT INTO Courses VALUES('COMM 710', 'Advanced Quantitative Methods in Communication Research', 3);
INSERT INTO Courses VALUES('COMM 711', 'Communication Theory', 3);
INSERT INTO Courses VALUES('COMM 714', 'Marriage & Family Communication', 3);
INSERT INTO Courses VALUES('COMM 715', 'Theories of Small Group Communication', 3);
INSERT INTO Courses VALUES('COMM 721', 'Intercultural Communication', 3);
INSERT INTO Courses VALUES('COMM 725', 'Communication and Change', 3);
INSERT INTO Courses VALUES('COMM 731', 'Communication Ethics Seminar', 3);
INSERT INTO Courses VALUES('COMM 750', 'Advanced Issues in Communication', 3);
INSERT INTO Courses VALUES('COMM 752', 'Theory of Argument', 3);
INSERT INTO Courses VALUES('COMM 755', 'Rhetoric of Environmental Science', 3);
INSERT INTO Courses VALUES('COMM 761', 'Survey of Rhetorical Theory', 3);
INSERT INTO Courses VALUES('COMM 767', 'Rhetorical Criticism', 3);
INSERT INTO Courses VALUES('COMM 780', 'Health Communication', 3);
INSERT INTO Courses VALUES('COMM 782', 'Theories of Persuasion', 3);
INSERT INTO Courses VALUES('COMM 783', 'Advanced Organizational Communication I', 3);
INSERT INTO Courses VALUES('COMM 784', 'Advanced Organizational Communication II', 3);
INSERT INTO Courses VALUES('COMM 785', 'Advanced Crisis Communication in Public Relations', 3);
INSERT INTO Courses VALUES('COMM 786', 'Risk Communication', 3);
----ECON
INSERT INTO Courses VALUES('ECON 324', 'Money and Banking', 3);
INSERT INTO Courses VALUES('ECON 341', 'Intermediate Microeconomics', 3);
INSERT INTO Courses VALUES('ECON 343', 'Intermediate Macroeconomics', 3);
INSERT INTO Courses VALUES('ECON 410', 'Econometrics', 3);
INSERT INTO Courses VALUES('ECON 440', 'Game Theory and Strategy', 3);
INSERT INTO Courses VALUES('ECON 456', 'History of Economic Thought', 3);
INSERT INTO Courses VALUES('ECON 461', 'Economic Development', 3);
INSERT INTO Courses VALUES('ECON 465', 'Labor Economics', 3);
INSERT INTO Courses VALUES('ECON 470', 'Public Finance', 3);
INSERT INTO Courses VALUES('ECON 472', 'International Trade', 3);
INSERT INTO Courses VALUES('ECON 476', 'Monetary Theory and Policy', 3);
INSERT INTO Courses VALUES('ECON 480', 'Industrial Organization', 3);
INSERT INTO Courses VALUES('ECON 481', 'Natural Resource Economics', 3);
INSERT INTO Courses VALUES('ECON 482', 'Environmental Economics', 3);
INSERT INTO Courses VALUES('ECON 610', 'Econometrics', 3);
INSERT INTO Courses VALUES('ECON 640', 'Game Theory and Strategy', 3);
INSERT INTO Courses VALUES('ECON 656', 'History of Economic Thought', 3);
INSERT INTO Courses VALUES('ECON 661', 'Economic Development', 3);
INSERT INTO Courses VALUES('ECON 665', 'Labor Economics', 3);
INSERT INTO Courses VALUES('ECON 670', 'Public Finance', 3);
INSERT INTO Courses VALUES('ECON 672', 'International Trade', 3);
INSERT INTO Courses VALUES('ECON 676', 'Monetary Theory and Policy', 3);
INSERT INTO Courses VALUES('ECON 680', 'Industrial Organization', 3);
INSERT INTO Courses VALUES('ECON 681', 'Natural Resource Economics', 3);
INSERT INTO Courses VALUES('ECON 682', 'Environmental Economics', 3);
INSERT INTO Courses VALUES('ECON 710', 'Advanced Econometrics', 3);
----ENGL
INSERT INTO Courses VALUES('ENGL 100', 'Writing Lab', 1);
INSERT INTO Courses VALUES('ENGL 111', 'Honors Composition I', 3);
INSERT INTO Courses VALUES('ENGL 112', 'ESL College Composition I', 3);
INSERT INTO Courses VALUES('ENGL 121', 'Honors Composition II', 3);
INSERT INTO Courses VALUES('ENGL 122', 'ESL College Composition II', 4);
INSERT INTO Courses VALUES('ENGL 167', 'Introduction to English Studies', 3);
INSERT INTO Courses VALUES('ENGL 209', 'Introduction to Linguistics', 3);
INSERT INTO Courses VALUES('ENGL 213', 'Literary Publications', 3);
INSERT INTO Courses VALUES('ENGL 222', 'Introduction to Poetry', 3);
INSERT INTO Courses VALUES('ENGL 226', 'Poetry of Rock', 3);
INSERT INTO Courses VALUES('ENGL 240', 'World Literature Masterpieces', 3);
INSERT INTO Courses VALUES('ENGL 271', 'Literary Analysis', 3);
INSERT INTO Courses VALUES('ENGL 275', 'Introduction to Writing Studies', 3);
INSERT INTO Courses VALUES('ENGL 301', 'Peer Tutoring and Writing in the Disciplines', 3);
INSERT INTO Courses VALUES('ENGL 313', 'Literary Publications II', 3);
INSERT INTO Courses VALUES('ENGL 320', 'Business and Professional Writing', 3);
INSERT INTO Courses VALUES('ENGL 322', 'Creative Writing I', 3);
INSERT INTO Courses VALUES('ENGL 323', 'Creative Writing II', 3);
INSERT INTO Courses VALUES('ENGL 325', 'Writing in the Health Professions', 3);
INSERT INTO Courses VALUES('ENGL 326', 'Writing in the Design Professions', 3);
INSERT INTO Courses VALUES('ENGL 330', 'British and American Women Writers', 3);
INSERT INTO Courses VALUES('ENGL 331', 'Contemporary Women Writers', 3);
INSERT INTO Courses VALUES('ENGL 333', 'Fantasy and Science Fiction', 3);
INSERT INTO Courses VALUES('ENGL 336', 'Literature and The Environment', 3);
INSERT INTO Courses VALUES('ENGL 357', 'Visual Culture and Language', 3);
INSERT INTO Courses VALUES('ENGL 358', 'Writing in the Humanities and Social Sciences', 3);
INSERT INTO Courses VALUES('ENGL 360', 'Grammatical Structure/English', 3);
INSERT INTO Courses VALUES('ENGL 377', 'Modern Poetry', 3);
INSERT INTO Courses VALUES('ENGL 380', 'Shakespeare', 3);
INSERT INTO Courses VALUES('ENGL 381', 'American Road Book', 3);
INSERT INTO Courses VALUES('ENGL 382', 'Film Genres and Styles', 3);
INSERT INTO Courses VALUES('ENGL 385', 'British Fiction', 3);
INSERT INTO Courses VALUES('ENGL 389', 'Non-fiction Prose', 3);
INSERT INTO Courses VALUES('ENGL 413', 'Literary Publications III', 3);
INSERT INTO Courses VALUES('ENGL 423', 'Creative Writing Studio', 3);
INSERT INTO Courses VALUES('ENGL 435', 'Young Adult Literature in a Multicultural World', 3);
INSERT INTO Courses VALUES('ENGL 452', 'History of the English Language', 3);
INSERT INTO Courses VALUES('ENGL 453', 'Social and Regional Varieties of English', 3);
INSERT INTO Courses VALUES('ENGL 454', 'Language Bias', 3);
INSERT INTO Courses VALUES('ENGL 455', 'International Technical Writing', 3);
INSERT INTO Courses VALUES('ENGL 456', 'Literacy, Culture and Identity', 3);
INSERT INTO Courses VALUES('ENGL 457', 'Electronic Communication', 3);
INSERT INTO Courses VALUES('ENGL 458', 'Advanced Writing Workshop', 3);
INSERT INTO Courses VALUES('ENGL 459', 'Researching and Writing Grants and Proposal', 3);
INSERT INTO Courses VALUES('ENGL 467', 'English Studies Capstone Experience', 3);
INSERT INTO Courses VALUES('ENGL 471', 'American Realistic Literature', 3);
INSERT INTO Courses VALUES('ENGL 472', '20th Century American Writers', 3);
INSERT INTO Courses VALUES('ENGL 474', 'Native American Literature', 3);
INSERT INTO Courses VALUES('ENGL 476', 'Topics in American Literature', 3);
INSERT INTO Courses VALUES('ENGL 480', 'Medieval Literature', 3);
INSERT INTO Courses VALUES('ENGL 482', 'Renaissance Literature', 3);
INSERT INTO Courses VALUES('ENGL 483', 'Topics in British Literature', 3);
INSERT INTO Courses VALUES('ENGL 485', '18th Century Literature', 3);
INSERT INTO Courses VALUES('ENGL 486', 'Romantic Literature', 3);
INSERT INTO Courses VALUES('ENGL 635', 'Young Adult Literature in a Multicultural World', 3);
INSERT INTO Courses VALUES('ENGL 651', 'Advanced English Grammar', 3);
INSERT INTO Courses VALUES('ENGL 652', 'History of the English Language', 3);
INSERT INTO Courses VALUES('ENGL 653', 'Social and Regional Varieties of English', 3);
INSERT INTO Courses VALUES('ENGL 654', 'Language Bias', 3);
INSERT INTO Courses VALUES('ENGL 655', 'International Technical Writing', 3);
INSERT INTO Courses VALUES('ENGL 656', 'Literacy, Culture and Identity', 3);
INSERT INTO Courses VALUES('ENGL 659', 'Researching and Writing Grants and Proposal', 3);
INSERT INTO Courses VALUES('ENGL 671', 'American Realistic Literature', 3);
INSERT INTO Courses VALUES('ENGL 672', '20th Century American Writers', 3);
INSERT INTO Courses VALUES('ENGL 674', 'Native American Literature', 3);
INSERT INTO Courses VALUES('ENGL 676', 'Topics in American Literature', 3);
INSERT INTO Courses VALUES('ENGL 680', 'Medieval Literature', 3);
INSERT INTO Courses VALUES('ENGL 682', 'Renaissance Literature', 3);
INSERT INTO Courses VALUES('ENGL 683', 'Topics in British Literature', 3);
INSERT INTO Courses VALUES('ENGL 685', '18th Century Literature', 3);
INSERT INTO Courses VALUES('ENGL 686', 'Romantic Literature', 3);
INSERT INTO Courses VALUES('ENGL 751', 'Multi-Disciplinary Academic Writing', 3);
INSERT INTO Courses VALUES('ENGL 752', 'Writing: Invention to Innovation', 3);
INSERT INTO Courses VALUES('ENGL 753', 'Rhetorics, Poetics Of New Media', 3);
INSERT INTO Courses VALUES('ENGL 754', 'Rhetorics of Science and Technology', 3);
INSERT INTO Courses VALUES('ENGL 755', 'Composition Theory', 3);
INSERT INTO Courses VALUES('ENGL 756', 'Composition Research', 3);
INSERT INTO Courses VALUES('ENGL 758', 'Topics in Rhetoric, Writing, and Culture', 3);
INSERT INTO Courses VALUES('ENGL 759', 'History of Writing Instruction', 3);
INSERT INTO Courses VALUES('ENGL 760', 'Graduate Scholarship', 3);
INSERT INTO Courses VALUES('ENGL 762', 'Critical Theory', 3);
INSERT INTO Courses VALUES('ENGL 764', 'Classroom Strategies For TA''S', 3);
INSERT INTO Courses VALUES('ENGL 765', 'Upper Division Writing: Pedagogy, Practice, and Technology', 3);
INSERT INTO Courses VALUES('ENGL 766', 'Teaching Literature', 3);
INSERT INTO Courses VALUES('ENGL 770', 'Studies in American Literature', 3);
INSERT INTO Courses VALUES('ENGL 780', 'Studies in British Literature', 3);
INSERT INTO Courses VALUES('ENGL 782', 'Studies in Irish Literature', 3);
----FREN
INSERT INTO Courses VALUES('FREN 202', 'Second-Year French II', 3);
INSERT INTO Courses VALUES('FREN 311', 'French Conversation and Composition I', 3);
INSERT INTO Courses VALUES('FREN 312', 'French Conversation and Composition II', 3);
INSERT INTO Courses VALUES('FREN 315', 'Contemporary France', 3);
INSERT INTO Courses VALUES('FREN 340', 'The French-Speaking World', 3);
INSERT INTO Courses VALUES('FREN 350', 'Introduction to French Linguistics and Pronunciation', 3);
INSERT INTO Courses VALUES('FREN 360', 'Studies in Language and Style', 3);
INSERT INTO Courses VALUES('FREN 365', 'Advanced Conversation Through Contemporary Culture', 3);
INSERT INTO Courses VALUES('FREN 370', 'Translation: Practice and Theory', 3);
INSERT INTO Courses VALUES('FREN 381', 'Masterpieces of French Literature in Translation', 3);
INSERT INTO Courses VALUES('FREN 401', 'Approaches to Literature', 3);
INSERT INTO Courses VALUES('FREN 410', 'French Literature & Culture before 1800', 3);
INSERT INTO Courses VALUES('FREN 412', 'French Literature & Culture since 1800', 3);
INSERT INTO Courses VALUES('FREN 420', 'Themes & Topics in French Literature & Culture', 3);
INSERT INTO Courses VALUES('FREN 422', 'Genres in French Literature', 3);
INSERT INTO Courses VALUES('FREN 489', 'Senior Thesis', 1);
----GEOG
INSERT INTO Courses VALUES('GEOG 262', 'Geography of North America', 3);
INSERT INTO Courses VALUES('GEOG 412', 'Geomorphology', 3);
INSERT INTO Courses VALUES('GEOG 455', 'Introduction to Geographic Information Systems', 4);
INSERT INTO Courses VALUES('GEOG 456', 'Advanced Geographic Information Systems', 3);
INSERT INTO Courses VALUES('GEOG 470', 'Remote Sensing', 3);
INSERT INTO Courses VALUES('GEOG 480', 'Geographic Information Systems Pattern Analysis and Modeling', 3);
INSERT INTO Courses VALUES('GEOG 612', 'Geomorphology', 3);
INSERT INTO Courses VALUES('GEOG 655', 'Introduction to Geographic Information Systems', 4);
INSERT INTO Courses VALUES('GEOG 656', 'Advanced Geographic Information Systems', 3);
INSERT INTO Courses VALUES('GEOG 670', 'Remote Sensing', 3);
INSERT INTO Courses VALUES('GEOG 680', 'Geographic Information Systems Pattern Analysis and Modeling', 3);
----GERM
INSERT INTO Courses VALUES('GERM 202', 'Second-Year German II', 3);
INSERT INTO Courses VALUES('GERM 220', 'German Culture & Society', 3);
INSERT INTO Courses VALUES('GERM 311', 'German Conversation and Composition I', 3);
INSERT INTO Courses VALUES('GERM 312', 'German Conversation and Composition II', 3);
----HDFS
INSERT INTO Courses VALUES('HDFS 110', 'Introduction to Human Development and Family Science', 1);
INSERT INTO Courses VALUES('HDFS 185', 'Financial Survival for College Students', 2);
INSERT INTO Courses VALUES('HDFS 186', 'Consumer and Society', 3);
INSERT INTO Courses VALUES('HDFS 242', 'Couples, Marriages and Families', 3);
INSERT INTO Courses VALUES('HDFS 250', 'Introduction to Research Methods in Human Development and Family Sciences', 3);
INSERT INTO Courses VALUES('HDFS 310', 'Citizenship & Social Activism', 3);
INSERT INTO Courses VALUES('HDFS 320', 'Prenatal, Infant and Toddler Development', 3);
INSERT INTO Courses VALUES('HDFS 330', 'Child Development', 3);
INSERT INTO Courses VALUES('HDFS 340', 'Adolescent Development', 3);
INSERT INTO Courses VALUES('HDFS 341', 'Parent-Child Relations', 3);
INSERT INTO Courses VALUES('HDFS 350', 'Fundamentals of Hospital Child Life', 3);
INSERT INTO Courses VALUES('HDFS 353', 'Children, Families and Public Policy', 3);
INSERT INTO Courses VALUES('HDFS 357', 'Personal and Family Finance', 3);
INSERT INTO Courses VALUES('HDFS 360', 'Adult Development and Aging', 3);
INSERT INTO Courses VALUES('HDFS 424', 'Observation and Assessment of Children', 3);
INSERT INTO Courses VALUES('HDFS 430', 'Topics in Cognitive Development', 3);
INSERT INTO Courses VALUES('HDFS 435', 'Topics in Socioemotional Development', 3);
INSERT INTO Courses VALUES('HDFS 448', 'Issues In Sexuality', 3);
INSERT INTO Courses VALUES('HDFS 462', 'Methods of Family Life Education', 3);
INSERT INTO Courses VALUES('HDFS 473', 'Teens at Risk', 2);
INSERT INTO Courses VALUES('HDFS 475', 'Children and Families Across Cultures', 3);
INSERT INTO Courses VALUES('HDFS 477', 'Financial Counseling', 3);
INSERT INTO Courses VALUES('HDFS 478', 'Financial and Consumer Issues of Aging', 3);
INSERT INTO Courses VALUES('HDFS 481', 'Gender and Aging', 3);
INSERT INTO Courses VALUES('HDFS 482', 'Family Dynamics of Aging', 3);
INSERT INTO Courses VALUES('HDFS 483', 'Developmentally Appropriate Practices from Birth Through Adolescence', 3);
INSERT INTO Courses VALUES('HDFS 484', 'Developmentally Appropriate Practices Across the Adult Lifespan', 3);
INSERT INTO Courses VALUES('HDFS 487', 'Practicum in Child Development Programs', 1);
INSERT INTO Courses VALUES('HDFS 630', 'Topics in Cognitive Development', 3);
INSERT INTO Courses VALUES('HDFS 635', 'Topics in Socioemotional Development', 3);
INSERT INTO Courses VALUES('HDFS 648', 'Issues In Sexuality', 3);
INSERT INTO Courses VALUES('HDFS 675', 'Children and Families Across Cultures', 3);
INSERT INTO Courses VALUES('HDFS 677', 'Financial Counseling', 3);
INSERT INTO Courses VALUES('HDFS 678', 'Financial and Consumer Issues of Aging', 3);
INSERT INTO Courses VALUES('HDFS 681', 'Gender and Aging', 3);
INSERT INTO Courses VALUES('HDFS 682', 'Family Dynamics of Aging', 3);
INSERT INTO Courses VALUES('HDFS 701', 'Graduate Orientation Seminar', 1);
INSERT INTO Courses VALUES('HDFS 702', 'Teaching Developmental Science', 3);
INSERT INTO Courses VALUES('HDFS 703', 'Research Methods in Human Development and Family Science', 3);
INSERT INTO Courses VALUES('HDFS 705', 'Quantitative Methods in Developmental Science', 3);
INSERT INTO Courses VALUES('HDFS 710', 'Foundations of Youth Development', 1);
INSERT INTO Courses VALUES('HDFS 711', 'Youth Development', 3);
INSERT INTO Courses VALUES('HDFS 712', 'Community Youth Development', 3);
INSERT INTO Courses VALUES('HDFS 713', 'Adolescents and Their Families', 3);
INSERT INTO Courses VALUES('HDFS 714', 'Contemporary Youth Issues', 3);
INSERT INTO Courses VALUES('HDFS 715', 'Youth in Cultural Contexts', 3);
INSERT INTO Courses VALUES('HDFS 716', 'Youth Professionals as Consumers of Research', 3);
INSERT INTO Courses VALUES('HDFS 717', 'Program Design, Implementation and Evaluation', 3);
INSERT INTO Courses VALUES('HDFS 718', 'Administration and Program Management', 3);
INSERT INTO Courses VALUES('HDFS 719', 'Youth Policy', 3);
INSERT INTO Courses VALUES('HDFS 720', 'Basic Grant Development and Management', 1);
INSERT INTO Courses VALUES('HDFS 721', 'Adult Development and Aging', 3);
INSERT INTO Courses VALUES('HDFS 722', 'Methods and Theories in Gerontology', 3);
INSERT INTO Courses VALUES('HDFS 723', 'Perspectives in Gerontology', 3);
INSERT INTO Courses VALUES('HDFS 724', 'Advanced Topics in Socioemotional Development', 3);
INSERT INTO Courses VALUES('HDFS 725', 'Advanced Topics in Cognitive Development', 3);
INSERT INTO Courses VALUES('HDFS 729', 'Professional Seminar in Gerontology', 3);
INSERT INTO Courses VALUES('HDFS 740', 'Theories & Research in Family Financial Planning I', 3);
INSERT INTO Courses VALUES('HDFS 741', 'Theories & Research in Family Financial Planning II', 3);
INSERT INTO Courses VALUES('HDFS 750', 'Culture and Aging: Global and Multicultural Perspectives', 3);
INSERT INTO Courses VALUES('HDFS 755', 'Advanced Lifespan Development', 3);
INSERT INTO Courses VALUES('HDFS 756', 'Advanced Quantitative Methods in Developmental Science', 3);
INSERT INTO Courses VALUES('HDFS 758', 'Longitudinal Research Methods and Analysis', 3);
INSERT INTO Courses VALUES('HDFS 760', 'Aging Policy', 3);
INSERT INTO Courses VALUES('HDFS 761', 'Applications in Gerontology', 3);
INSERT INTO Courses VALUES('HDFS 762', 'Retirement Planning, Employee Benefits and the Family', 3);
INSERT INTO Courses VALUES('HDFS 763', 'Personal Income Taxation', 3);
INSERT INTO Courses VALUES('HDFS 764', 'Family Economics', 3);
INSERT INTO Courses VALUES('HDFS 765', 'Insurance Planning for Families', 3);
INSERT INTO Courses VALUES('HDFS 766', 'Estate Planning for Families', 3);
INSERT INTO Courses VALUES('HDFS 767', 'Professional Practices in Family Financial Planning', 3);
INSERT INTO Courses VALUES('HDFS 768', 'Housing/Real Estate', 3);
INSERT INTO Courses VALUES('HDFS 769', 'Financial Planning Case Studies', 3);
INSERT INTO Courses VALUES('HDFS 770', 'Fundamentals of Financial Planning', 3);
INSERT INTO Courses VALUES('HDFS 771', 'Investing for the Family''s Future', 3);
INSERT INTO Courses VALUES('HDFS 772', 'Military Personal Financial Readiness', 3);
INSERT INTO Courses VALUES('HDFS 773', 'Foundations of Couple and Family Therapy I', 3);
INSERT INTO Courses VALUES('HDFS 774', 'Foundations of Couple and Family Therapy II', 3);
INSERT INTO Courses VALUES('HDFS 775', 'Clinical Applications of Couple and Family Therapy I', 3);
INSERT INTO Courses VALUES('HDFS 776', 'Clinical Applications of Couple & Family Therapy II', 3);
INSERT INTO Courses VALUES('HDFS 777', 'Diagnosis and Assessment in Couple and Family Therapy', 3);
INSERT INTO Courses VALUES('HDFS 780', 'Ethics and Professional Issues in Couple and Family Therepy', 3);
INSERT INTO Courses VALUES('HDFS 781', 'Issues and Theories in Family Science', 3);
INSERT INTO Courses VALUES('HDFS 782', 'Advanced Human Development: Birth Through Childhood', 3);
INSERT INTO Courses VALUES('HDFS 783', 'Dynamics of Parent-Child Relations', 3);
INSERT INTO Courses VALUES('HDFS 784', 'Advanced Human Development: Adolescence Through Early Adulthood', 3);
INSERT INTO Courses VALUES('HDFS 786', 'Advanced Human Development III: Middle through Late Adulthood', 3);
----HIST
INSERT INTO Courses VALUES('HIST 104', 'U.S. Since 1877', 3);
INSERT INTO Courses VALUES('HIST 135', 'Race in U.S. History', 3);
INSERT INTO Courses VALUES('HIST 220', 'North Dakota History', 3);
INSERT INTO Courses VALUES('HIST 251', 'Introduction To Public History', 3);
INSERT INTO Courses VALUES('HIST 252', 'Introduction to Museum Work', 3);
INSERT INTO Courses VALUES('HIST 254', 'The United States in the Long 1960s', 3);
INSERT INTO Courses VALUES('HIST 259', 'Women in European History 1400-1800', 3);
INSERT INTO Courses VALUES('HIST 270', 'American Religious History', 3);
INSERT INTO Courses VALUES('HIST 280', 'History of East Asia to 1600', 3);
INSERT INTO Courses VALUES('HIST 281', 'History of East Asia from 1600', 3);
INSERT INTO Courses VALUES('HIST 320', 'History of Christianity', 3);
INSERT INTO Courses VALUES('HIST 352', 'Museum Collections Management', 3);
INSERT INTO Courses VALUES('HIST 382', 'Canada', 3);
INSERT INTO Courses VALUES('HIST 390', 'Historical Research and Writing', 3);
INSERT INTO Courses VALUES('HIST 401', 'Archival Theory and Practice', 3);
INSERT INTO Courses VALUES('HIST 403', 'Archival Photography', 3);
INSERT INTO Courses VALUES('HIST 404', 'Digital History', 3);
INSERT INTO Courses VALUES('HIST 420', 'Colonial American History', 3);
INSERT INTO Courses VALUES('HIST 421', 'U.S. History 1763-1829', 3);
INSERT INTO Courses VALUES('HIST 422', 'U.S. History 1829-1917 I', 3);
INSERT INTO Courses VALUES('HIST 423', 'U.S. History 1829-1917 II', 3);
INSERT INTO Courses VALUES('HIST 424', 'U.S. History 1917-Present I', 3);
INSERT INTO Courses VALUES('HIST 425', 'U.S. History 1917-Present II', 3);
INSERT INTO Courses VALUES('HIST 429', 'History of the American South to 1850', 3);
INSERT INTO Courses VALUES('HIST 430', 'Prairie Earth, Prairie Homes: A Field School', 3);
INSERT INTO Courses VALUES('HIST 434', 'Environmental History', 3);
INSERT INTO Courses VALUES('HIST 435', 'World Environmental History', 3);
INSERT INTO Courses VALUES('HIST 436', 'American Frontier to 1850', 3);
INSERT INTO Courses VALUES('HIST 437', 'American West Since 1850', 3);
INSERT INTO Courses VALUES('HIST 440', 'The Ottoman Empire', 3);
INSERT INTO Courses VALUES('HIST 450', 'Ancient History', 3);
INSERT INTO Courses VALUES('HIST 451', 'Medieval History', 3);
INSERT INTO Courses VALUES('HIST 454', 'Renaissance And Reformation', 3);
INSERT INTO Courses VALUES('HIST 455', 'The Eighteenth Century', 3);
INSERT INTO Courses VALUES('HIST 456', 'Europe 1815-1914', 3);
INSERT INTO Courses VALUES('HIST 457', 'Europe Since 1914', 3);
INSERT INTO Courses VALUES('HIST 464', 'Imperial Spain', 3);
INSERT INTO Courses VALUES('HIST 465', 'Germany since 1750', 3);
INSERT INTO Courses VALUES('HIST 467', 'History Of Russia II', 3);
INSERT INTO Courses VALUES('HIST 470', 'Modern Latin America I', 3);
INSERT INTO Courses VALUES('HIST 471', 'Modern Latin America II', 3);
INSERT INTO Courses VALUES('HIST 473', 'Colonial Mexico', 3);
INSERT INTO Courses VALUES('HIST 474', 'Modern Mexico', 3);
INSERT INTO Courses VALUES('HIST 476', 'Southwestern Borderlands To 1848', 3);
INSERT INTO Courses VALUES('HIST 477', 'Slavery in the Atlantic World', 3);
INSERT INTO Courses VALUES('HIST 480', 'History of Modern China from 1600', 3);
INSERT INTO Courses VALUES('HIST 481', 'History of Japan', 3);
INSERT INTO Courses VALUES('HIST 482', 'Vietnam: 125 Years of Conflict', 3);
INSERT INTO Courses VALUES('HIST 484', 'Cultures and Civilizations of the Pre-modern World', 3);
INSERT INTO Courses VALUES('HIST 485', 'Cultural Exchange and the Making of the Modern World', 3);
INSERT INTO Courses VALUES('HIST 489', 'Senior Seminar', 3);
INSERT INTO Courses VALUES('HIST 601', 'Archival Theory and Practice', 3);
INSERT INTO Courses VALUES('HIST 603', 'Archival Photography', 3);
INSERT INTO Courses VALUES('HIST 604', 'Digital History', 3);
INSERT INTO Courses VALUES('HIST 620', 'Colonial American History', 3);
INSERT INTO Courses VALUES('HIST 621', 'U.S. History 1763-1829', 3);
INSERT INTO Courses VALUES('HIST 622', 'U.S. History 1829-1917 I', 3);
INSERT INTO Courses VALUES('HIST 623', 'U.S. History 1829-1917 II', 3);
INSERT INTO Courses VALUES('HIST 624', 'U.S. History 1917-Present I', 3);
INSERT INTO Courses VALUES('HIST 625', 'U.S. History 1917-Present II', 3);
INSERT INTO Courses VALUES('HIST 629', 'History of the American South to 1850', 3);
INSERT INTO Courses VALUES('HIST 630', 'Prairie Earth, Prairie Homes: A Field School', 3);
INSERT INTO Courses VALUES('HIST 631', 'The North American Plains', 3);
INSERT INTO Courses VALUES('HIST 634', 'Environmental History', 3);
INSERT INTO Courses VALUES('HIST 635', 'World Environmental History', 3);
INSERT INTO Courses VALUES('HIST 636', 'American Frontier to 1850', 3);
INSERT INTO Courses VALUES('HIST 637', 'American West Since 1850', 3);
INSERT INTO Courses VALUES('HIST 640', 'The Ottoman Empire', 3);
INSERT INTO Courses VALUES('HIST 650', 'Ancient History', 3);
INSERT INTO Courses VALUES('HIST 651', 'Medieval History', 3);
INSERT INTO Courses VALUES('HIST 654', 'Renaissance and Reformation', 3);
INSERT INTO Courses VALUES('HIST 655', 'The Eighteenth Century', 3);
INSERT INTO Courses VALUES('HIST 656', 'Europe 1815-1914', 3);
INSERT INTO Courses VALUES('HIST 657', 'Europe Since 1914', 3);
INSERT INTO Courses VALUES('HIST 665', 'Germany since 1750', 3);
INSERT INTO Courses VALUES('HIST 667', 'History of Russia II', 3);
INSERT INTO Courses VALUES('HIST 670', 'Modern Latin America I', 3);
INSERT INTO Courses VALUES('HIST 671', 'Modern Latin America II', 3);
INSERT INTO Courses VALUES('HIST 673', 'Colonial Mexico', 3);
INSERT INTO Courses VALUES('HIST 674', 'Modern Mexico', 3);
INSERT INTO Courses VALUES('HIST 676', 'Southwestern Borderlands To 1848', 3);
INSERT INTO Courses VALUES('HIST 677', 'Slavery in the Atlantic World', 3);
INSERT INTO Courses VALUES('HIST 701', 'Methods of Historical Research', 3);
INSERT INTO Courses VALUES('HIST 702', 'Historiography', 3);
INSERT INTO Courses VALUES('HIST 705', 'Directed Research', 1);
INSERT INTO Courses VALUES('HIST 706', 'Seminar in the Teaching Of History', 1);
INSERT INTO Courses VALUES('HIST 710', 'Research Seminar in North American History', 3);
INSERT INTO Courses VALUES('HIST 712', 'Research Seminar in European History', 3);
INSERT INTO Courses VALUES('HIST 714', 'Research Seminar in World History', 3);
INSERT INTO Courses VALUES('HIST 730', 'Readings in North American History', 3);
INSERT INTO Courses VALUES('HIST 760', 'Readings in European History', 3);
INSERT INTO Courses VALUES('HIST 780', 'Readings in World History', 3);
----LA
INSERT INTO Courses VALUES('LA 171', 'Environmental Design I', 3);
INSERT INTO Courses VALUES('LA 172', 'Environmental Design II', 3);
INSERT INTO Courses VALUES('LA 231', 'Landscape Architecture Graphics', 3);
INSERT INTO Courses VALUES('LA 232', 'Design Technology', 3);
INSERT INTO Courses VALUES('LA 271', 'Introduction to Landscape Architecture Studio', 6);
INSERT INTO Courses VALUES('LA 272', 'Parks & Open Spaces Studio', 6);
INSERT INTO Courses VALUES('LA 341', 'Site Development and Detailing I', 4);
INSERT INTO Courses VALUES('LA 342', 'Site Development and Detailing II', 4);
INSERT INTO Courses VALUES('LA 371', 'Site Planning & Design Studio', 6);
INSERT INTO Courses VALUES('LA 372', 'Community Planning & Design Studio', 6);
INSERT INTO Courses VALUES('LA 441', 'Site Development and Detailing III', 4);
INSERT INTO Courses VALUES('LA 471', 'Urban Design Studio', 6);
INSERT INTO Courses VALUES('LA 472', 'Remediation & Planting Design Studio', 6);
INSERT INTO Courses VALUES('LA 552', 'Advanced Landscape Planning', 3);
INSERT INTO Courses VALUES('LA 563', 'Programming and Thesis Preparation', 3);
INSERT INTO Courses VALUES('LA 571', 'Environmental Planning Studio', 6);
INSERT INTO Courses VALUES('LA 572', 'Design Thesis', 8);
INSERT INTO Courses VALUES('LA 581', 'Professional Practice', 3);
----LANG
INSERT INTO Courses VALUES('LANG 101', 'Basic ESL: Integrated Skills', 20);
INSERT INTO Courses VALUES('LANG 102', 'English Structure for Non-Native Speakers', 5);
INSERT INTO Courses VALUES('LANG 103', 'English for Non-Native Speakers:Intermediate Grammar & Writing I', 1);
INSERT INTO Courses VALUES('LANG 104', 'English for Non-Native Speakers: Vocabulary/Reading', 1);
INSERT INTO Courses VALUES('LANG 105', 'English for Non-Native Speakers:Intermediate Grammar/Writing II', 1);
INSERT INTO Courses VALUES('LANG 106', 'English for Non-Native Speakers: Oral Skills', 1);
INSERT INTO Courses VALUES('LANG 107', 'Language Use in Writing for ESL I', 1);
INSERT INTO Courses VALUES('LANG 108', 'Studies in American Language and Culture', 3);
INSERT INTO Courses VALUES('LANG 109', 'Language Use in Writing for ESL II', 1);
INSERT INTO Courses VALUES('LANG 110', 'Integrated Academic Language Skills for Graduate Students', 10);
INSERT INTO Courses VALUES('LANG 111', 'Advanced Issues in American and University Culture', 3);
INSERT INTO Courses VALUES('LANG 112', 'Advanced Issues in English Language for Non-Native Speakers', 3);
----MUSC
INSERT INTO Courses VALUES('MUSC 101', 'Fundamentals of Music', 3);
INSERT INTO Courses VALUES('MUSC 111', 'Marching Band', 1);
INSERT INTO Courses VALUES('MUSC 112', 'University Band', 1);
INSERT INTO Courses VALUES('MUSC 114', 'University Summer Band', 1);
INSERT INTO Courses VALUES('MUSC 115', 'University Chorus', 1);
INSERT INTO Courses VALUES('MUSC 116', 'Cantemus', 1);
INSERT INTO Courses VALUES('MUSC 117', 'Statesmen of NDSU', 1);
INSERT INTO Courses VALUES('MUSC 130', 'Theory and Analysis I', 3);
INSERT INTO Courses VALUES('MUSC 131', 'Theory and Analysis II', 3);
INSERT INTO Courses VALUES('MUSC 132', 'Ear Training & Sight Singing I', 1);
INSERT INTO Courses VALUES('MUSC 133', 'Ear Training & Sight Singing II', 1);
INSERT INTO Courses VALUES('MUSC 160', 'Piano Class I', 1);
INSERT INTO Courses VALUES('MUSC 161', 'Piano Class II', 1);
INSERT INTO Courses VALUES('MUSC 162', 'Voice Class', 1);
INSERT INTO Courses VALUES('MUSC 163', 'Voice Class II', 1);
INSERT INTO Courses VALUES('MUSC 165', 'Applied Piano', 1);
INSERT INTO Courses VALUES('MUSC 167', 'Applied Voice', 1);
INSERT INTO Courses VALUES('MUSC 168', 'Applied Wind Instruments', 1);
INSERT INTO Courses VALUES('MUSC 169', 'Applied Percussion Instruments', 1);
INSERT INTO Courses VALUES('MUSC 170', 'Applied Upper Strings', 1);
INSERT INTO Courses VALUES('MUSC 171', 'Applied Lower Strings', 1);
INSERT INTO Courses VALUES('MUSC 172', 'Applied Guitar', 1);
INSERT INTO Courses VALUES('MUSC 173', 'Supplementary Applied Study', 1);
INSERT INTO Courses VALUES('MUSC 174', 'Pronunciation for Singers I', 1);
INSERT INTO Courses VALUES('MUSC 175', 'Pronunciation for Singers II', 1);
INSERT INTO Courses VALUES('MUSC 180', 'Performance Attendance', 0);
INSERT INTO Courses VALUES('MUSC 201', 'World Music', 3);
INSERT INTO Courses VALUES('MUSC 215', 'University Chamber Singers', 1);
INSERT INTO Courses VALUES('MUSC 228', 'Development of Musical Theatre', 3);
INSERT INTO Courses VALUES('MUSC 230', 'Theory and Analysis III', 3);
INSERT INTO Courses VALUES('MUSC 231', 'Theory and Analysis IV', 3);
INSERT INTO Courses VALUES('MUSC 232', 'Ear Training & Sight Singing III', 1);
INSERT INTO Courses VALUES('MUSC 233', 'Ear Training & Sight Singing IV', 1);
INSERT INTO Courses VALUES('MUSC 250', 'Basic Conducting', 2);
INSERT INTO Courses VALUES('MUSC 260', 'Piano Class III', 1);
INSERT INTO Courses VALUES('MUSC 261', 'Piano Class IV', 1);
INSERT INTO Courses VALUES('MUSC 265', 'Applied Piano', 1);
INSERT INTO Courses VALUES('MUSC 267', 'Applied Voice', 1);
INSERT INTO Courses VALUES('MUSC 268', 'Applied Wind Instruments', 1);
INSERT INTO Courses VALUES('MUSC 269', 'Applied Percussion Instruments', 1);
INSERT INTO Courses VALUES('MUSC 270', 'Applied Upper Strings', 1);
INSERT INTO Courses VALUES('MUSC 271', 'Applied Lower Strings', 1);
INSERT INTO Courses VALUES('MUSC 272', 'Applied Guitar', 1);
INSERT INTO Courses VALUES('MUSC 273', 'Supplementary Applied Study', 1);
INSERT INTO Courses VALUES('MUSC 301', 'Musical Theatre Troupe', 1);
INSERT INTO Courses VALUES('MUSC 302', 'Wind Ensemble', 1);
INSERT INTO Courses VALUES('MUSC 303', 'Wind Symphony', 1);
INSERT INTO Courses VALUES('MUSC 304', 'University Symphony Orchestra', 1);
INSERT INTO Courses VALUES('MUSC 306', 'Concert Choir', 1);
INSERT INTO Courses VALUES('MUSC 311', 'Jazz Ensemble', 1);
INSERT INTO Courses VALUES('MUSC 312', 'Percussion Ensemble', 1);
INSERT INTO Courses VALUES('MUSC 313', 'Trombone Ensemble', 1);
INSERT INTO Courses VALUES('MUSC 314', 'Brass Chamber Ensemble', 1);
INSERT INTO Courses VALUES('MUSC 315', 'Woodwind Chamber Ensemble', 1);
INSERT INTO Courses VALUES('MUSC 316', 'String Chamber Ensemble', 1);
INSERT INTO Courses VALUES('MUSC 317', 'Madrigal Singers', 1);
INSERT INTO Courses VALUES('MUSC 319', 'Opera Workshop', 1);
INSERT INTO Courses VALUES('MUSC 320', 'Vocal Chamber Ensemble', 1);
INSERT INTO Courses VALUES('MUSC 321', 'Piano Chamber Music', 1);
INSERT INTO Courses VALUES('MUSC 322', 'Jazz Combo', 1);
INSERT INTO Courses VALUES('MUSC 331', 'Instrumental Arranging', 2);
INSERT INTO Courses VALUES('MUSC 332', 'Survey of Choral Literature', 2);
INSERT INTO Courses VALUES('MUSC 340', 'Music History I', 3);
INSERT INTO Courses VALUES('MUSC 341', 'Music History II', 3);
INSERT INTO Courses VALUES('MUSC 344', 'Wind Band Literature', 2);
INSERT INTO Courses VALUES('MUSC 346', 'Survey/Vocal Literature', 2);
INSERT INTO Courses VALUES('MUSC 349', 'Vocal Methods & Pedagogy I', 2);
INSERT INTO Courses VALUES('MUSC 350', 'Vocal Methods & Pedagogy II', 2);
INSERT INTO Courses VALUES('MUSC 351', 'Instrumental Conducting & Literature', 2);
INSERT INTO Courses VALUES('MUSC 352', 'Choral Conducting & Literature', 2);
INSERT INTO Courses VALUES('MUSC 353', 'Woodwind Methods I', 2);
INSERT INTO Courses VALUES('MUSC 354', 'Woodwind Methods II', 2);
INSERT INTO Courses VALUES('MUSC 355', 'Brass Methods', 2);
INSERT INTO Courses VALUES('MUSC 357', 'Marching Band Methods & Techniques', 2);
INSERT INTO Courses VALUES('MUSC 358', 'Jazz Methods', 2);
INSERT INTO Courses VALUES('MUSC 359', 'Percussion Methods', 2);
INSERT INTO Courses VALUES('MUSC 364', 'Jazz Improvisation', 2);
INSERT INTO Courses VALUES('MUSC 365', 'Applied Piano', 1);
INSERT INTO Courses VALUES('MUSC 367', 'Applied Voice', 1);
INSERT INTO Courses VALUES('MUSC 368', 'Applied Wind Instruments', 1);
INSERT INTO Courses VALUES('MUSC 369', 'Applied Percussion Instruments', 1);
INSERT INTO Courses VALUES('MUSC 370', 'Applied Upper Strings', 1);
INSERT INTO Courses VALUES('MUSC 371', 'Applied Lower Strings', 1);
INSERT INTO Courses VALUES('MUSC 372', 'Applied Guitar', 1);
INSERT INTO Courses VALUES('MUSC 373', 'Supplementary Applied Study', 2);
INSERT INTO Courses VALUES('MUSC 380', 'Recital', 1);
INSERT INTO Courses VALUES('MUSC 384', 'Composition I', 1);
INSERT INTO Courses VALUES('MUSC 411', 'Form and Analysis', 3);
INSERT INTO Courses VALUES('MUSC 423', 'Piano Pedagogy I', 2);
INSERT INTO Courses VALUES('MUSC 424', 'Piano Pedagogy II', 2);
INSERT INTO Courses VALUES('MUSC 430', 'Counterpoint', 3);
INSERT INTO Courses VALUES('MUSC 431', 'Contemporary Harmonic Techniques', 3);
INSERT INTO Courses VALUES('MUSC 441', 'Symphonic Literature', 2);
INSERT INTO Courses VALUES('MUSC 442', 'Opera Literature', 2);
INSERT INTO Courses VALUES('MUSC 443', 'Keyboard Literature', 3);
INSERT INTO Courses VALUES('MUSC 465', 'Applied Piano', 1);
INSERT INTO Courses VALUES('MUSC 467', 'Applied Voice', 1);
INSERT INTO Courses VALUES('MUSC 468', 'Applied Wind Instruments', 1);
INSERT INTO Courses VALUES('MUSC 469', 'Applied Percussion Instruments', 1);
INSERT INTO Courses VALUES('MUSC 470', 'Applied Upper Strings', 1);
INSERT INTO Courses VALUES('MUSC 471', 'Applied Lower Strings', 1);
INSERT INTO Courses VALUES('MUSC 472', 'Applied Guitar', 1);
INSERT INTO Courses VALUES('MUSC 473', 'Supplementary Applied Study', 3);
INSERT INTO Courses VALUES('MUSC 480', 'Recital', 1);
INSERT INTO Courses VALUES('MUSC 481', 'Instrumental Music Methods', 2);
INSERT INTO Courses VALUES('MUSC 482', 'Choral Music Methods', 2);
INSERT INTO Courses VALUES('MUSC 483', 'Elementary Music Methods', 2);
INSERT INTO Courses VALUES('MUSC 484', 'Composition II', 1);
INSERT INTO Courses VALUES('MUSC 611', 'Form and Analysis', 3);
INSERT INTO Courses VALUES('MUSC 623', 'Piano Pedagogy I', 2);
INSERT INTO Courses VALUES('MUSC 624', 'Piano Pedagogy II', 2);
INSERT INTO Courses VALUES('MUSC 630', 'Counterpoint', 3);
INSERT INTO Courses VALUES('MUSC 631', 'Contemporary Harmonic Techniques', 3);
INSERT INTO Courses VALUES('MUSC 641', 'Symphonic Literature', 2);
INSERT INTO Courses VALUES('MUSC 642', 'Opera Literature', 2);
INSERT INTO Courses VALUES('MUSC 643', 'Keyboard Literature', 3);
INSERT INTO Courses VALUES('MUSC 701', 'Psychology Of Music', 3);
INSERT INTO Courses VALUES('MUSC 702', 'Graduate Theory Survey', 3);
INSERT INTO Courses VALUES('MUSC 703', 'Foundations of Music Education', 3);
INSERT INTO Courses VALUES('MUSC 704', 'Graduate Music History Survey', 3);
INSERT INTO Courses VALUES('MUSC 709', 'Graduate Ensemble', 1);
INSERT INTO Courses VALUES('MUSC 713', 'Advanced Choral Music Methods', 3);
INSERT INTO Courses VALUES('MUSC 714', 'Advanced Elementary Music Methods', 3);
INSERT INTO Courses VALUES('MUSC 715', 'History of Choral Literature', 3);
INSERT INTO Courses VALUES('MUSC 721', 'Advanced Vocal Pedagogy', 3);
INSERT INTO Courses VALUES('MUSC 722', 'Applied Instrumental Pedagogy', 1);
INSERT INTO Courses VALUES('MUSC 731', 'Applied Study', 1);
INSERT INTO Courses VALUES('MUSC 734', 'Analytical Techniques', 3);
INSERT INTO Courses VALUES('MUSC 740', 'Medieval/Renaissance Music History', 3);
INSERT INTO Courses VALUES('MUSC 741', 'Baroque Music History', 3);
INSERT INTO Courses VALUES('MUSC 742', 'Classical Music History', 3);
INSERT INTO Courses VALUES('MUSC 743', 'Romantic Music History', 3);
INSERT INTO Courses VALUES('MUSC 744', '20th Century Music History', 3);
INSERT INTO Courses VALUES('MUSC 748', 'Music Bibliography/Research Methods', 2);
INSERT INTO Courses VALUES('MUSC 758', 'Jazz Methods and Pedagogy in Music Education', 3);
INSERT INTO Courses VALUES('MUSC 760', 'Medieval/Renaissance Choral Literature', 3);
INSERT INTO Courses VALUES('MUSC 761', 'Baroque Choral Literature', 3);
INSERT INTO Courses VALUES('MUSC 762', 'Classical/Romantic Choral Literature', 3);
INSERT INTO Courses VALUES('MUSC 763', 'Contemporary Choral Literature', 3);
INSERT INTO Courses VALUES('MUSC 764', 'Applied Instrumental Literature', 1);
INSERT INTO Courses VALUES('MUSC 765', 'Band Literature:History and Development', 3);
INSERT INTO Courses VALUES('MUSC 766', 'Band Literature:Chamber Music,Other Genres', 3);
INSERT INTO Courses VALUES('MUSC 767', 'Vocal Literature I-Baroque/Classical', 3);
INSERT INTO Courses VALUES('MUSC 768', 'Vocal Literature II-Romantic', 3);
INSERT INTO Courses VALUES('MUSC 769', 'Vocal Literature III-20Th Century/Contemporary', 3);
INSERT INTO Courses VALUES('MUSC 780', 'Recital', 2);
INSERT INTO Courses VALUES('MUSC 789', 'D.M.A. Thesis', 1);
----PHIL
INSERT INTO Courses VALUES('PHIL 111', 'Professional Responsibility and Ethics', 3);
INSERT INTO Courses VALUES('PHIL 210', 'Ethics', 3);
INSERT INTO Courses VALUES('PHIL 257', 'Traditional Logic', 3);
INSERT INTO Courses VALUES('PHIL 321', 'Ancient Philosophy', 3);
INSERT INTO Courses VALUES('PHIL 322', 'Medieval Philosophy', 3);
INSERT INTO Courses VALUES('PHIL 323', 'Modern Philosophy', 3);
INSERT INTO Courses VALUES('PHIL 324', 'Contemporary Philosophy', 3);
INSERT INTO Courses VALUES('PHIL 356', 'Ancient Philosophy', 3);
INSERT INTO Courses VALUES('PHIL 357', 'Augustine', 3);
INSERT INTO Courses VALUES('PHIL 359', 'Thomas Aquinas', 3);
INSERT INTO Courses VALUES('PHIL 369', 'Philosophy of Religion', 3);
INSERT INTO Courses VALUES('PHIL 370', 'Social and Political Philosophy', 3);
INSERT INTO Courses VALUES('PHIL 425', 'Environmental Ethics', 3);
INSERT INTO Courses VALUES('PHIL 450', 'Metaphysics', 3);
INSERT INTO Courses VALUES('PHIL 451', 'Epistemology', 3);
INSERT INTO Courses VALUES('PHIL 476', 'History of Philosophy: Modern Period', 3);
INSERT INTO Courses VALUES('PHIL 486', 'Philosophy & Literature', 3);
INSERT INTO Courses VALUES('PHIL 487', 'Aesthetics', 3);
INSERT INTO Courses VALUES('PHIL 625', 'Environmental Ethics', 3);
----POLS
INSERT INTO Courses VALUES('POLS 210', 'Current Politics', 3);
INSERT INTO Courses VALUES('POLS 215', 'Problems and Policies In American Government', 3);
INSERT INTO Courses VALUES('POLS 216', 'Campaigns and Elections', 3);
INSERT INTO Courses VALUES('POLS 225', 'Comparative Politics', 3);
INSERT INTO Courses VALUES('POLS 230', 'Judicial Process', 3);
INSERT INTO Courses VALUES('POLS 240', 'Political Ideologies', 3);
INSERT INTO Courses VALUES('POLS 325', 'Applied Research Methods', 4);
INSERT INTO Courses VALUES('POLS 350', 'Gender Issues and the Law', 3);
INSERT INTO Courses VALUES('POLS 351', 'Women and Politics', 3);
INSERT INTO Courses VALUES('POLS 360', 'Principles of Public Administration', 3);
INSERT INTO Courses VALUES('POLS 420', 'Political Behavior-Executive-Legislative Process', 3);
INSERT INTO Courses VALUES('POLS 421', 'Political Behavior-Political Parties', 3);
INSERT INTO Courses VALUES('POLS 422', 'State and Local Politics', 3);
INSERT INTO Courses VALUES('POLS 423', 'Public Policy Analysis', 3);
INSERT INTO Courses VALUES('POLS 430', 'Constitutional Law-Civil Liberties', 3);
INSERT INTO Courses VALUES('POLS 431', 'Constitutional Law-Criminal Justice', 3);
INSERT INTO Courses VALUES('POLS 442', 'Global Policy Issues', 3);
INSERT INTO Courses VALUES('POLS 444', 'International Law', 3);
INSERT INTO Courses VALUES('POLS 445', 'Ethnic Conflicts', 3);
INSERT INTO Courses VALUES('POLS 446', 'Current Topics in International Law', 3);
INSERT INTO Courses VALUES('POLS 450', 'Politics of the Developing Countries', 3);
INSERT INTO Courses VALUES('POLS 451', 'Politics of the Industrialized Countries', 3);
INSERT INTO Courses VALUES('POLS 452', 'Comparative Political Economy', 3);
INSERT INTO Courses VALUES('POLS 453', 'Environmental Policy and Politics', 3);
INSERT INTO Courses VALUES('POLS 489', 'Senior Seminar', 3);
INSERT INTO Courses VALUES('POLS 620', 'Political Behavior-Executive-Legislative Process', 3);
INSERT INTO Courses VALUES('POLS 621', 'Political Behavior-Political Parties', 3);
INSERT INTO Courses VALUES('POLS 622', 'State and Local Politics', 3);
INSERT INTO Courses VALUES('POLS 630', 'Constitutional Law-Civil Liberties', 3);
INSERT INTO Courses VALUES('POLS 631', 'Constitutional Law-Criminal Justice', 3);
INSERT INTO Courses VALUES('POLS 642', 'Global Policy Issues', 3);
INSERT INTO Courses VALUES('POLS 644', 'International Law', 3);
INSERT INTO Courses VALUES('POLS 645', 'Ethnic Conflicts', 3);
INSERT INTO Courses VALUES('POLS 650', 'Politics of the Developing Countries', 3);
INSERT INTO Courses VALUES('POLS 651', 'Politics of the Industrialized Countries', 3);
INSERT INTO Courses VALUES('POLS 652', 'Comparative Political Economy', 3);
INSERT INTO Courses VALUES('POLS 653', 'Environmental Policy and Politics', 3);
INSERT INTO Courses VALUES('POLS 720', 'Theoretical Perspectives to the Study of Political Science', 3);
----PSYC
INSERT INTO Courses VALUES('PSYC 211', 'Introduction To Behavior Modification', 3);
INSERT INTO Courses VALUES('PSYC 216', 'Cultural Psychology', 3);
INSERT INTO Courses VALUES('PSYC 260', 'Introduction to Neuroscience', 3);
INSERT INTO Courses VALUES('PSYC 280', 'Introduction to Health Psychology', 3);
INSERT INTO Courses VALUES('PSYC 322', 'Thinking & Making Decisions', 3);
INSERT INTO Courses VALUES('PSYC 340', 'Psychology in Sport', 3);
INSERT INTO Courses VALUES('PSYC 350', 'Research Methods I', 3);
INSERT INTO Courses VALUES('PSYC 351', 'Research Methods II', 3);
INSERT INTO Courses VALUES('PSYC 360', 'Animal Behavior', 3);
INSERT INTO Courses VALUES('PSYC 370', 'Forensic Psychology', 3);
INSERT INTO Courses VALUES('PSYC 380', 'Clinical Psychology', 3);
INSERT INTO Courses VALUES('PSYC 381', 'Understanding Suicideand its Impact', 3);
INSERT INTO Courses VALUES('PSYC 382', 'Self-Injury:Recognition & Treatment', 3);
INSERT INTO Courses VALUES('PSYC 385', 'Psychology on Film', 3);
INSERT INTO Courses VALUES('PSYC 440', 'Experimental Methods', 3);
INSERT INTO Courses VALUES('PSYC 450', 'Computational Methods in Experimental Psychology', 3);
INSERT INTO Courses VALUES('PSYC 453', 'Organizational Psychology', 3);
INSERT INTO Courses VALUES('PSYC 460', 'Sensation & Perception', 3);
INSERT INTO Courses VALUES('PSYC 461', 'Memory And Knowledge', 3);
INSERT INTO Courses VALUES('PSYC 463', 'Experimental Developmental Psychology', 3);
INSERT INTO Courses VALUES('PSYC 464', 'Attention & Thinking', 3);
INSERT INTO Courses VALUES('PSYC 465', 'Psychobiology', 3);
INSERT INTO Courses VALUES('PSYC 468', 'Personality', 3);
INSERT INTO Courses VALUES('PSYC 470', 'Experimental Social Psychology', 3);
INSERT INTO Courses VALUES('PSYC 471', 'The Psychology Of Aging', 3);
INSERT INTO Courses VALUES('PSYC 472', 'Advanced Psychopathology', 3);
INSERT INTO Courses VALUES('PSYC 473', 'Child Psychopathology and Therapy', 3);
INSERT INTO Courses VALUES('PSYC 480', 'History & Systems', 3);
INSERT INTO Courses VALUES('PSYC 481', 'Health Psychology', 3);
INSERT INTO Courses VALUES('PSYC 486', 'Neuropsychology', 3);
INSERT INTO Courses VALUES('PSYC 489', 'Honors Thesis', 2);
INSERT INTO Courses VALUES('PSYC 640', 'Experimental Methods', 3);
INSERT INTO Courses VALUES('PSYC 650', 'Computational Methods in Experimental Psychology', 3);
INSERT INTO Courses VALUES('PSYC 653', 'Organizational Psychology', 3);
INSERT INTO Courses VALUES('PSYC 660', 'Sensation & Perception', 3);
INSERT INTO Courses VALUES('PSYC 661', 'Memory and Knowledge', 3);
INSERT INTO Courses VALUES('PSYC 663', 'Experimental Developmental Psychology', 3);
INSERT INTO Courses VALUES('PSYC 664', 'Attention & Thinking', 3);
INSERT INTO Courses VALUES('PSYC 665', 'Psychobiology', 3);
INSERT INTO Courses VALUES('PSYC 668', 'Personality', 3);
INSERT INTO Courses VALUES('PSYC 670', 'Experimental Social Psychology', 3);
INSERT INTO Courses VALUES('PSYC 671', 'The Psychology Of Aging', 3);
INSERT INTO Courses VALUES('PSYC 672', 'Advanced Psychopathology', 3);
INSERT INTO Courses VALUES('PSYC 673', 'Child Psychopathology and Therapy', 3);
INSERT INTO Courses VALUES('PSYC 680', 'History & Systems', 3);
INSERT INTO Courses VALUES('PSYC 681', 'Health Psychology', 3);
INSERT INTO Courses VALUES('PSYC 686', 'Neuropsychology', 3);
INSERT INTO Courses VALUES('PSYC 718', 'Visual Neuroscience', 3);
INSERT INTO Courses VALUES('PSYC 720', 'Advanced Topics in Cognitive Neuroscience', 3);
INSERT INTO Courses VALUES('PSYC 727', 'Advanced Topics in Visual Perception', 3);
INSERT INTO Courses VALUES('PSYC 731', 'Fundamental Processes in Cognition', 3);
INSERT INTO Courses VALUES('PSYC 732', 'Applied Cognitive Process', 3);
INSERT INTO Courses VALUES('PSYC 733', 'Social Judgment', 3);
INSERT INTO Courses VALUES('PSYC 735', 'Neural Networks', 3);
INSERT INTO Courses VALUES('PSYC 750', 'Introduction to Clinical Issues and Practices', 1);
INSERT INTO Courses VALUES('PSYC 755', 'Empirically Supported Interventions I', 4);
INSERT INTO Courses VALUES('PSYC 756', 'Empirically Supported Interventions II', 4);
INSERT INTO Courses VALUES('PSYC 758', 'Diversity in Clinical Psychology', 3);
INSERT INTO Courses VALUES('PSYC 760', 'Research Methods in Visual and Cognitive Neuroscience', 3);
INSERT INTO Courses VALUES('PSYC 761', 'Applied Research Methods', 3);
INSERT INTO Courses VALUES('PSYC 762', 'Advanced Research Methods and Analysis', 3);
INSERT INTO Courses VALUES('PSYC 764', 'Advanced Topics in Attention', 3);
INSERT INTO Courses VALUES('PSYC 770', 'Testing and Assessment', 3);
INSERT INTO Courses VALUES('PSYC 771', 'Social/Health Psychology Research', 3);
INSERT INTO Courses VALUES('PSYC 782', 'Emotions', 3);
INSERT INTO Courses VALUES('PSYC 787', 'Advanced Social Psychology and Health', 3);
----RELS
INSERT INTO Courses VALUES('RELS 210', 'Ethics', 3);
INSERT INTO Courses VALUES('RELS 220', 'Old Testament', 2);
INSERT INTO Courses VALUES('RELS 230', 'New Testament', 3);
INSERT INTO Courses VALUES('RELS 243', 'Religion and Self', 3);
INSERT INTO Courses VALUES('RELS 270', 'American Religious History', 3);
INSERT INTO Courses VALUES('RELS 315', 'Contemporary Religion', 3);
INSERT INTO Courses VALUES('RELS 320', 'History of Christianity', 3);
INSERT INTO Courses VALUES('RELS 401', 'Sociology of Religion', 3);
INSERT INTO Courses VALUES('RELS 453', 'Magic And Religion', 3);
INSERT INTO Courses VALUES('RELS 601', 'Sociology of Religion', 3);
----SOC
INSERT INTO Courses VALUES('SOC 115', 'Social Problems', 3);
INSERT INTO Courses VALUES('SOC 116', 'Global Social Problems', 3);
INSERT INTO Courses VALUES('SOC 233', 'Sociology of Organizations and Work', 3);
INSERT INTO Courses VALUES('SOC 340', 'Social Research Methods', 3);
INSERT INTO Courses VALUES('SOC 341', 'Social Research Methods Laboratory', 1);
INSERT INTO Courses VALUES('SOC 401', 'Sociology of Religion', 3);
INSERT INTO Courses VALUES('SOC 403', 'Sociology of The Great Plains', 3);
INSERT INTO Courses VALUES('SOC 404', 'Community Assessment', 3);
INSERT INTO Courses VALUES('SOC 405', 'Community Development', 3);
INSERT INTO Courses VALUES('SOC 407', 'Deviant Behavior', 3);
INSERT INTO Courses VALUES('SOC 410', 'Social Inequality', 3);
INSERT INTO Courses VALUES('SOC 416', 'Sociology Through Literature', 3);
INSERT INTO Courses VALUES('SOC 417', 'Sociology of the Family', 3);
INSERT INTO Courses VALUES('SOC 418', 'Social Psychology', 3);
INSERT INTO Courses VALUES('SOC 422', 'Development Of Social Theory', 3);
INSERT INTO Courses VALUES('SOC 424', 'Feminist Theory and Discourse', 3);
INSERT INTO Courses VALUES('SOC 425', 'Sociology of Culture', 3);
INSERT INTO Courses VALUES('SOC 426', 'Sociology of Medicine', 3);
INSERT INTO Courses VALUES('SOC 431', 'Environmental Sociology', 3);
INSERT INTO Courses VALUES('SOC 439', 'Social Change', 3);
INSERT INTO Courses VALUES('SOC 440', 'Sociology of Aging', 3);
INSERT INTO Courses VALUES('SOC 441', 'Death and Dying', 3);
INSERT INTO Courses VALUES('SOC 443', 'International Disasters', 3);
INSERT INTO Courses VALUES('SOC 445', 'Special Populations in Disasters', 3);
INSERT INTO Courses VALUES('SOC 465', 'Applied Demographics', 3);
INSERT INTO Courses VALUES('SOC 489', 'Senior Capstone In Sociology', 1);
INSERT INTO Courses VALUES('SOC 601', 'Sociology of Religion', 3);
INSERT INTO Courses VALUES('SOC 603', 'Sociology of The Great Plains', 3);
INSERT INTO Courses VALUES('SOC 604', 'Community Assessment', 3);
INSERT INTO Courses VALUES('SOC 605', 'Community Development', 3);
INSERT INTO Courses VALUES('SOC 607', 'Deviant Behavior', 3);
INSERT INTO Courses VALUES('SOC 610', 'Social Inequality', 3);
INSERT INTO Courses VALUES('SOC 612', 'Sociology of Gender', 3);
INSERT INTO Courses VALUES('SOC 617', 'Sociology Of The Family', 3);
INSERT INTO Courses VALUES('SOC 618', 'Social Psychology', 3);
INSERT INTO Courses VALUES('SOC 622', 'Development Of Social Theory', 3);
INSERT INTO Courses VALUES('SOC 624', 'Feminist Theory and Discourse', 3);
INSERT INTO Courses VALUES('SOC 625', 'Sociology of Culture', 3);
INSERT INTO Courses VALUES('SOC 626', 'Sociology of Medicine', 3);
INSERT INTO Courses VALUES('SOC 631', 'Environmental Sociology', 3);
INSERT INTO Courses VALUES('SOC 639', 'Social Change', 3);
INSERT INTO Courses VALUES('SOC 640', 'Sociology Of Aging', 3);
INSERT INTO Courses VALUES('SOC 641', 'Death and Dying', 3);
INSERT INTO Courses VALUES('SOC 643', 'International Disasters', 3);
INSERT INTO Courses VALUES('SOC 645', 'Special Populations in Disasters', 3);
INSERT INTO Courses VALUES('SOC 665', 'Applied Demographics', 3);
INSERT INTO Courses VALUES('SOC 700', 'Qualitative Methods', 3);
INSERT INTO Courses VALUES('SOC 701', 'Quantitative Methods', 3);
INSERT INTO Courses VALUES('SOC 723', 'Social Theory', 3);
----SPAN
INSERT INTO Courses VALUES('SPAN 202', 'Second-Year Spanish II', 3);
INSERT INTO Courses VALUES('SPAN 311', 'Spanish Conversation and Composition I', 3);
INSERT INTO Courses VALUES('SPAN 312', 'Spanish Conversation and Composition II', 3);
INSERT INTO Courses VALUES('SPAN 330', 'Introduction to Spanish Civilization', 3);
INSERT INTO Courses VALUES('SPAN 331', 'Introduction to Spanish American Civilization', 3);
INSERT INTO Courses VALUES('SPAN 332', 'Introduction to Hispanic Cinema', 3);
INSERT INTO Courses VALUES('SPAN 401', 'Advanced Spanish Grammar and Writing', 3);
INSERT INTO Courses VALUES('SPAN 402', 'Advanced Spanish Conversation', 3);
INSERT INTO Courses VALUES('SPAN 430', 'Approaches to Literature', 3);
INSERT INTO Courses VALUES('SPAN 440', 'Traditions in Spanish American Literature', 3);
INSERT INTO Courses VALUES('SPAN 441', 'Contemporary Spanish American Literature', 3);
INSERT INTO Courses VALUES('SPAN 442', 'Introduction to Chicano Literature', 3);
INSERT INTO Courses VALUES('SPAN 443', 'Spanish American Women Writers', 3);
INSERT INTO Courses VALUES('SPAN 450', 'Traditions in Spanish Literature', 3);
INSERT INTO Courses VALUES('SPAN 451', 'Contemporary Spanish Literature', 3);
INSERT INTO Courses VALUES('SPAN 452', 'Cervantes', 3);
INSERT INTO Courses VALUES('SPAN 453', 'Spanish Women Writers', 3);
INSERT INTO Courses VALUES('SPAN 489', 'Senior Thesis', 1);
INSERT INTO Courses VALUES('SPAN 642', 'Introduction to Chicano Literature', 3);
----THEA
INSERT INTO Courses VALUES('THEA 101', 'Department Participation', 0);
INSERT INTO Courses VALUES('THEA 180', 'Dramatic Literature and Style I', 3);
INSERT INTO Courses VALUES('THEA 181', 'Dramatic Literature & Style II', 3);
INSERT INTO Courses VALUES('THEA 205', 'Backstage Practicum', 1);
INSERT INTO Courses VALUES('THEA 206', 'Performance & Management Practicum', 1);
INSERT INTO Courses VALUES('THEA 228', 'Development of Musical Theatre', 3);
INSERT INTO Courses VALUES('THEA 261', 'Acting II', 3);
INSERT INTO Courses VALUES('THEA 262', 'Introduction to Dance', 2);
INSERT INTO Courses VALUES('THEA 263', 'Dance Studio', 2);
INSERT INTO Courses VALUES('THEA 265', 'Script Analysis', 3);
INSERT INTO Courses VALUES('THEA 266', 'Voice and Movement for the Actor', 3);
INSERT INTO Courses VALUES('THEA 267', 'Acting for the Camera', 3);
INSERT INTO Courses VALUES('THEA 270', 'Stagecraft', 3);
INSERT INTO Courses VALUES('THEA 271', 'Costume Craft', 3);
INSERT INTO Courses VALUES('THEA 272', 'Drawing for the Theatre', 3);
INSERT INTO Courses VALUES('THEA 274', 'Introduction To Stage Design', 3);
INSERT INTO Courses VALUES('THEA 275', 'Theatrical Makeup Design', 3);
INSERT INTO Courses VALUES('THEA 276', 'Lighting and Sound Design for the Theatre', 3);
INSERT INTO Courses VALUES('THEA 277', 'Costume Design for the Theatre', 3);
INSERT INTO Courses VALUES('THEA 278', 'Introduction to Design: Scenic Design', 3);
INSERT INTO Courses VALUES('THEA 279', 'Scenic Painting', 3);
INSERT INTO Courses VALUES('THEA 286', 'Theatrical Design Studio I; Collaboration and Concept', 3);
INSERT INTO Courses VALUES('THEA 287', 'Theatrical Design Studio II; Materials and Techniques for Design', 3);
INSERT INTO Courses VALUES('THEA 301', 'Musical Theatre Troupe', 1);
INSERT INTO Courses VALUES('THEA 350', 'Studio Theatre 1-2', 1);
INSERT INTO Courses VALUES('THEA 361', 'Acting III: Advanced Realism', 3);
INSERT INTO Courses VALUES('THEA 362', 'Dance Styles for Theatre', 1);
INSERT INTO Courses VALUES('THEA 363', 'Dance Studio II', 2);
INSERT INTO Courses VALUES('THEA 365', 'Directing I', 3);
INSERT INTO Courses VALUES('THEA 368', 'Business of Acting', 3);
INSERT INTO Courses VALUES('THEA 370', 'Technical Theatre Production', 3);
INSERT INTO Courses VALUES('THEA 372', 'Stage Management', 3);
INSERT INTO Courses VALUES('THEA 381', 'Technical Theatre Seminar', 1);
INSERT INTO Courses VALUES('THEA 386', 'Theatrical Design Studio III; Design for Alternative Venues', 3);
INSERT INTO Courses VALUES('THEA 387', 'Theatrical Design Studio IV; Research in the Studio', 3);
INSERT INTO Courses VALUES('THEA 450', 'Capstone Experience', 3);
INSERT INTO Courses VALUES('THEA 460', 'Acting the Song', 3);
INSERT INTO Courses VALUES('THEA 461', 'Acting Shakespeare', 3);
INSERT INTO Courses VALUES('THEA 462', 'Acting Styles', 3);
INSERT INTO Courses VALUES('THEA 465', 'Directing II', 3);
INSERT INTO Courses VALUES('THEA 466', 'Advanced Voice for the Actor', 3);
INSERT INTO Courses VALUES('THEA 467', 'Advanced Movement for the Actor', 3);
INSERT INTO Courses VALUES('THEA 480', 'History and Literature of Theatre I', 3);
INSERT INTO Courses VALUES('THEA 481', 'History and Literature of the Theatre II', 3);
INSERT INTO Courses VALUES('THEA 486', 'History of Dress and Decor I; the Foundations of Western Style', 3);
INSERT INTO Courses VALUES('THEA 487', 'History of Dress and Decor II; Western Style since 1800', 3);
INSERT INTO Courses VALUES('THEA 665', 'Directing II', 3);
----WGS
INSERT INTO Courses VALUES('WGS 350', 'Perspectives in Women''s Studies', 3);
INSERT INTO Courses VALUES('WGS 450', 'Issues in Women and Gender Studies', 3);
INSERT INTO Courses VALUES('WGS 489', 'Internship/Capstone', 3);

